Price_per_perch,Road,City,School,Hospital,Bus,Train,Market
5.369583103,822,2418.528339,6068.992136,3406.546695,4423.405773,9772.185127,2984.664308
8.469995082,294,1758.882296,1527.786528,1442.508522,1569.090556,2989.641615,1799.913163
9.788229274,140,1136.02766,1287.497138,1375.366752,2329.83929,1497.922062,3438.828416
6.205906655,366,1246.659781,5031.964796,5453.691154,4318.584745,10500.07698,2839.280523
6.60478679,274,1572.537775,5341.923532,5783.292718,4898.369623,11060.82269,3496.392918
9.361843753,181,703.3702142,4358.254856,3163.893948,2703.041248,8516.924462,1252.093134
7.024297057,750,1039.248508,4003.285626,3932.643724,2702.249152,8828.276482,1131.952464
9.386661681,228,236.0417765,2236.00148,1730.593807,1809.306752,4098.715118,824.4188713
10.03637526,260,479.6639985,1557.979509,1839.573266,1795.046403,7112.365586,942.0392065
8.866090067,190,1766.76253,3624.211896,603.4963604,3185.167053,4038.163092,1625.454014
8.996915218,332,997.2469857,1599.112711,1355.656819,1665.223471,5768.080286,954.2823965
9.913510179,170,990.9278476,1912.820934,1726.54294,1331.067491,4976.909342,985.8392629
6.618037791,310,1397.841378,2159.907284,2549.573156,2424.520505,8070.51972,1776.936863
9.508027214,539,520.1254896,3300.00877,3582.353044,1722.552648,7825.900422,188.7434039
5.327830903,500,4153.05321,7136.49895,1039.483684,4981.297609,6891.67306,4736.930748
11.69613021,160,204.9066038,2310.581897,2395.5736,171.7750492,6117.529209,287.1096924
5.988803342,1000,3819.530613,7277.690249,1343.311611,5146.652794,8112.803104,4487.691607
8.045445565,323,1481.056889,2340.394854,2780.727526,2428.200615,8280.672052,1888.440385
8.931492219,120,944.5245527,1494.705493,1767.096566,962.736426,6711.794494,642.7636162
9.049952103,390,1094.735075,3218.958092,3569.236922,2088.448704,8268.925654,669.7546372
8.568261855,126,1483.611454,5128.260926,5577.125294,4864.498156,10986.56518,3546.793423
5.382478911,423,5917.428219,9347.487927,3202.718397,7199.964693,9095.17391,6589.162465
9.194950443,350,915.7929886,3659.247454,3966.584148,2378.933032,8529.164225,822.233419
6.565056835,737,1467.943652,4412.871567,4159.238304,3197.15734,9324.709794,1628.512492
9.801817455,150,339.5012362,3524.946695,3949.233267,3042.666198,9171.980093,1824.48266
10.46097939,111,349.7665934,1405.350788,1686.933384,1641.55451,7016.161075,795.124455
8.391550856,550,872.4548185,1037.456609,805.930496,1082.980282,5829.604525,553.5773795
6.28492587,550,3986.955193,7261.638099,1097.322217,5107.271658,7606.087811,4625.210234
9.222660109,220,416.792899,1001.152679,810.771078,583.7752183,5493.806315,633.6212037
9.324341197,300,314.797166,1882.083788,1133.991242,1656.426107,4516.971444,503.2563156
8.755144018,230,1250.833074,4147.795375,4277.44263,3013.858804,9170.555452,1463.792598
8.758808077,100,1383.549678,1922.442236,1514.258914,1809.717208,3517.209096,1260.557941
5.716364554,417,4217.526919,7167.559335,1103.598019,5028.722431,6863.831291,4798.65263
5.30914951,370,5435.356855,8374.135775,2416.435103,6438.159606,7868.227414,6064.708491
4.570153362,979,5937.028949,8131.65225,2835.322118,6750.789726,7485.176629,6534.904063
9.404267686,500,1061.997345,2332.959535,2212.086661,1097.673443,5084.201934,1157.941656
6.902611491,382,936.0409885,2361.86875,1258.204564,1807.478018,1657.355525,2763.593316
9.613378602,340,632.9082371,1383.285083,1741.674161,1641.731171,7290.379478,954.0840812
7.369884784,331,1739.075093,3433.406534,3236.014796,2253.824208,4128.148697,2307.47751
9.614451653,220,891.7705291,2544.542213,917.2607699,2051.791656,1388.481837,3058.967927
11.59561607,578,553.8005016,2375.895763,1793.608391,1967.213291,3939.318044,1011.453163
8.222759367,350,1509.594998,1160.008072,1797.892206,1648.963338,1714.979503,3040.813094
8.415989193,350,843.1047597,3397.017126,3728.799719,2097.375211,8257.636979,560.5412351
8.49324914,220,632.4005675,3187.850524,3615.581718,2824.27585,8908.739392,1750.982127
7.604679373,250,1732.586064,1555.940905,2003.230948,1759.020608,7644.029226,1778.995278
6.194199733,350,1889.298469,1801.824481,2137.812789,3494.60365,2521.949465,3125.072802
7.892824359,171,1292.798026,2596.322849,3044.647543,2748.731911,8600.330216,2101.739045
8.732172584,183,525.7675276,2042.032221,2376.927622,3610.371679,2587.177664,1893.037584
9.180008398,320,784.5888643,3727.068944,3818.488046,2361.99033,8488.672551,790.920113
8.014984178,311,1652.550461,1970.706052,2416.558509,2228.153225,8227.877524,1867.924886
9.053108203,213,1700.151647,1829.932736,2234.92415,4294.908327,2265.921093,3966.312336
9.314855072,290,961.4351357,2607.197554,989.3700339,2107.629367,1462.953509,3035.189621
7.469905898,405,2014.112495,2100.179692,2497.285712,3936.232056,2627.460551,3679.888936
7.891870421,695,1232.828677,4246.922622,3985.73518,2962.230209,9078.550478,1390.813926
11.69668982,110,528.228828,2402.854085,2578.601089,477.3387092,6634.724893,239.1645866
6.694843845,550,1491.604116,2480.656198,2749.187247,3157.827192,3025.258813,2268.496509
10.22936581,173,828.917642,2516.605192,855.0042244,2032.624931,1327.84357,3049.801091
6.852332073,487,1825.47141,1746.621598,2128.308992,2053.632243,2410.996824,2516.288714
8.320965026,160,1395.735121,1960.210527,1579.3284,1864.208298,3530.514802,1283.147377
7.361687695,560,964.3346232,2348.578813,966.9512075,1833.632652,1395.685951,3036.374226
7.847769937,415,1470.056831,2241.779448,2631.224559,2506.407362,8139.616518,1854.944476
5.800118957,500,5066.563041,8404.771108,2231.777809,6250.889424,8275.038304,5722.495985
6.62723782,950,3578.373954,6297.66776,747.7635588,4155.720129,6246.036149,4062.005898
10.15861517,400,795.6158628,1607.159564,1852.276674,811.1527581,6649.13109,555.77634
8.178332741,270,1499.466654,5166.901451,5614.884502,4877.837615,11006.99944,3546.988999
9.937091617,225,151.0194887,2157.025934,1678.450968,1726.466249,4191.834723,740.9551192
11.07523631,140,404.8119844,2047.200171,1504.537123,1631.018097,4269.196577,665.2460064
11.32680055,159,276.0714935,1454.933233,1643.049144,1655.574468,6706.09832,721.7568661
6.347613009,524,5211.539993,7945.380787,2131.822917,6114.226328,7452.036118,5821.265856
7.677794302,352,1564.091844,1488.6752,1837.834208,3474.998234,2247.830497,3414.434243
8.785712466,350,768.3359419,1463.159029,1839.0218,1725.244087,7423.575573,1079.241654
9.779868809,307,1059.86698,1210.437627,1297.138528,2370.445806,1428.401129,3514.055308
7.714710617,350,1154.31002,1422.7256,1437.665706,1957.773937,1402.429362,3397.893414
7.480565518,450,1350.540281,4454.206359,3963.63923,3146.141588,9242.142543,1574.568138
7.782142627,1037,1037.96031,1636.287784,1937.077262,1045.541535,6907.588302,821.4873094
8.649813534,200,968.7256399,1620.822273,1402.292225,1695.838,5819.71828,956.2236154
9.833374483,165,853.5275031,1778.584831,1137.818511,1406.615354,4570.8901,629.808396
9.214650665,190,1570.824427,3292.644014,233.9341286,2750.722296,3665.82973,1329.687074
5.977212467,260,1589.779456,2245.414317,2656.236558,2510.962774,8265.465997,1935.390888
7.497783325,550,1196.511018,4169.675806,3998.142734,2895.215322,9018.961248,1324.87316
10.58171961,151,554.0545534,1617.387927,1907.017661,1857.410487,7183.077589,1013.847345
9.040990944,507,685.1396337,519.238021,953.7740047,707.7229808,6685.937898,731.6480761
6.986277224,240,1186.229829,3429.096267,3886.100629,3656.968416,9555.265575,2873.121008
6.063460084,450,1745.936822,1088.410399,1753.482508,1516.81337,1946.567018,2804.292385
6.394658874,500,3950.238864,7068.461074,881.7130376,4909.538349,7171.46633,4558.311513
7.407650666,270,1738.932682,3537.662515,3992.387453,3783.805821,9780.089169,3395.313734
8.159454364,500,983.100929,2390.123848,1193.800953,1844.933883,1606.291717,2852.398216
9.316476459,400,931.4438829,749.1429626,1203.099564,971.4034954,6973.413838,977.3091249
10.76971204,255,107.9278715,3796.898386,4224.335763,3309.09236,9449.157798,2034.520313
12.35452758,150,218.5192932,2052.133902,1678.840891,1613.128371,4389.335228,675.511125
6.526092908,826,3859.093372,7298.815504,1325.477965,5164.041352,8067.148728,4524.606093
11.62860643,148,420.2854836,1927.076919,1181.386289,1669.463547,4468.111807,558.6722638
11.88887848,303,1290.528118,2601.187688,678.0035145,2044.738836,2987.25583,1277.476627
10.05364548,190,1435.754511,2182.330027,1036.33414,1630.477976,2690.123495,1283.443745
8.560160368,300,1432.001232,1283.296203,1688.109612,1428.72337,7156.62802,1271.198897
9.816336949,297,637.9445061,4354.130589,3034.267564,2644.584343,8392.09443,1242.853462
10.01018034,328,1944.752607,3523.159397,713.8696754,3336.441726,4218.602509,1658.366405
6.082028458,348,1598.683026,2290.841866,2696.344422,2556.404843,8274.640673,1958.223158
6.602944605,729,2627.873278,6370.470999,2997.090737,4590.733458,9579.478501,3259.511366
7.280946448,241,1167.35108,4424.891261,4537.146521,3384.754093,9548.740266,1843.701043
7.28066574,425,1262.692542,2605.469729,3051.888149,2713.302442,8585.498359,2047.150464
6.034940544,350,1473.029632,5282.676619,5715.902371,4706.945635,10883.8378,3260.799227
8.321551302,180,860.982018,2971.829587,3057.321332,813.6271602,6285.531831,722.2415866
8.39011793,110,1198.31971,4869.80532,3103.426322,3205.064747,8846.698,1767.730695
7.1495996,341,1105.329161,2450.001569,2597.377558,2655.213729,3094.93844,1855.130544
9.873027699,515,506.9933271,1979.853943,1307.57797,1874.061568,4641.926912,650.8388172
9.097165752,220,630.1260954,4288.110152,3164.804281,2628.545695,8460.121141,1180.313631
9.005916887,493,354.7294612,3903.426533,2778.838508,1999.579062,7654.270828,947.0294384
10.61383735,270,567.60285,530.0987205,655.9073299,677.1791218,6256.99158,269.3442333
8.956833838,400,867.8814581,769.5766991,1092.839803,833.960823,6530.520221,908.7082286
8.66446779,190,888.8334211,2311.456858,1695.970426,2097.071728,3745.405579,768.2216731
9.914185528,528,1010.26525,2279.236431,2165.868477,1047.53163,5134.083081,1095.315633
6.417995916,1400,1131.902019,1559.042295,1080.6202,1539.008161,5319.289723,1131.241293
6.760617097,220,1356.962905,2087.845302,2481.964097,2352.821177,8032.779284,1722.863048
9.766552103,140,440.8758245,1150.030593,855.3882657,711.0118359,5249.223659,361.824993
5.704416177,485,3313.867802,7116.097143,7062.830712,6490.760937,12671.27329,4981.497318
6.519176076,1300,834.992501,3401.211815,3796.708765,2616.928604,8787.866365,1295.365451
8.33744347,270,1626.227774,2126.754132,2557.200784,2390.207435,8275.266459,1913.330917
11.55257768,150,1101.343145,2851.201889,496.2719067,2374.575734,3594.273691,621.9394224
9.533367595,247,1030.767176,4649.337381,3228.185505,3029.484306,8796.899594,1557.247384
9.758504797,120,706.8145208,3705.040676,3754.604544,2301.784141,8419.426825,729.9256506
9.931743735,170,670.1386178,1896.544425,1856.484214,722.181413,5530.24861,617.8249923
10.46066376,159,508.8303831,2269.977883,2363.251745,3490.740964,2814.005676,2117.725214
7.171772081,379,1121.288692,4296.725004,3815.396994,2929.467567,9014.027384,1360.338604
7.348458614,829,1009.817934,3923.173827,3946.660955,2631.17687,8764.29488,1062.909687
9.590473116,268,478.4472304,3864.184179,3462.549369,2310.679976,8355.354479,780.4665898
8.780385466,420,352.3145865,3924.763515,4367.25198,3660.405358,9751.107607,2466.052561
9.928506785,110,1006.765052,1878.636227,2235.912158,2137.909831,7672.199704,1412.759338
6.36901949,500,1494.086728,1612.03475,1728.465135,2274.898143,1851.82406,3080.390724
7.430811583,650,535.8358306,1764.976986,1086.449113,1654.107134,4798.496239,734.5104889
8.134674423,450,1250.762976,5055.385034,5481.740274,4400.375053,10580.59646,2938.568172
8.938374154,606,922.0926889,2261.012404,1201.163581,2199.165608,4680.011188,987.7639057
8.673146134,181,1119.278158,1703.212315,2110.953225,1968.768237,7769.010105,1412.429125
7.976640707,672,1777.039835,5531.994457,2199.709859,3613.372508,8510.282154,2463.428206
11.42208017,180,805.2812688,1289.258853,1181.02639,920.1517141,5490.401863,766.958045
9.139160587,130,950.8731727,2627.510661,1215.55251,2094.166429,1670.288488,3071.670588
9.200862583,250,609.5234169,1314.836507,1676.368353,1573.771548,7249.813546,902.6317148
7.918819542,450,998.5682856,4123.063568,3811.198066,2758.296903,8856.520782,1187.413252
11.63538655,120,134.0405628,2057.362935,1627.444085,1621.607264,4324.286405,647.2523451
12.87625785,240,407.9967351,1067.708192,550.5922103,686.3521862,5251.347914,456.7881052
7.746468671,1000,1079.307547,4507.252702,2034.696158,2457.462016,7424.981853,1689.111499
10.74655235,100,605.3389182,1766.679423,1213.809694,1358.632226,4548.059739,436.6826885
9.530123145,350,494.7306756,3296.730298,3529.31997,1678.367094,7767.934153,196.8470827
11.43590665,220,151.0593533,1292.85918,1471.798506,1487.956067,6605.843182,551.3754447
7.520806562,644,1184.131302,4101.20617,4028.223684,2845.240444,8977.691127,1277.344558
8.805587449,170,1638.082802,4812.473723,4011.515151,3494.872459,9536.994495,1925.823626
9.137016394,328,1144.279736,1927.487674,2306.688047,2190.687234,7819.220792,1521.690004
9.793637857,257,799.7433488,1379.131449,699.9349223,1050.796999,5008.791946,622.2095082
7.180210617,350,1888.040427,1253.860279,1788.980256,1620.711769,2124.86571,2674.00517
11.22706386,450,512.5532537,3590.332105,2908.940353,1645.956042,7402.006467,806.474854
10.11600054,290,499.3823529,734.0122624,1129.300787,3884.090869,1413.052457,4581.221842
4.411077833,589,6258.28815,8876.610016,3235.360394,7244.95305,8236.304298,6889.338548
11.84888917,400,626.9842461,594.4112715,927.6759909,839.2744319,6649.329718,374.5956246
9.841638118,398,293.6506583,3913.411475,3244.935709,2251.154463,8206.407884,802.1818305
10.4858127,140,809.3815424,1100.407938,1105.357617,810.9836215,5806.953609,601.2973155
9.308951375,300,447.4434209,576.6910832,270.2601525,502.0577398,5858.898496,408.474565
6.406734924,213,1460.230455,2919.832461,2732.355193,1707.126994,4542.478303,1836.279691
9.643035895,182,1155.36476,1695.109441,2109.272103,1960.634653,7793.565769,1432.098616
9.501499334,251,745.4370259,1400.074921,1779.174454,1662.58702,7385.944481,1033.367636
11.65769454,160,1106.41832,2788.263535,536.1996428,2312.310474,3541.263166,610.3526807
6.575468228,476,2171.741326,2384.776244,2736.745297,3305.17416,3134.083811,2908.73033
8.457864595,190,1370.719694,2051.746001,2454.102797,2317.201338,8046.09063,1717.914093
8.136226403,630,1023.44642,3022.948025,3355.283359,1807.916016,7988.144971,452.3696792
9.039760462,550,880.1642792,1146.349966,1540.764379,4214.687787,1414.00891,4603.859641
11.15030481,368,369.0243894,2065.925589,1319.318849,1810.273642,4328.772032,454.4898925
7.191885175,400,1499.511378,1994.515336,2237.40402,2237.14186,2722.05903,2199.378349
8.136742183,350,880.4438565,2719.593252,2587.239523,2634.416181,3345.657006,1653.285179
8.88960941,658,891.4497475,2513.266011,913.6636668,2018.369606,1380.342706,3094.213325
6.754255221,350,1644.718532,5342.95101,5789.847701,5013.380306,11154.82957,3655.447357
9.053489154,238,1102.365869,1194.273386,1470.273995,1133.456159,6586.834833,660.37938
7.393322612,450,2605.383026,6053.648001,894.5738675,3938.013576,7659.943073,3262.269913
8.894190026,150,1189.694604,2947.713003,3334.761964,2193.770928,8344.406369,1061.951077
10.9140325,444,275.6916449,1363.655922,1631.364121,1594.701625,6940.755793,730.6363336
5.898377496,618,1648.304028,2274.359999,2690.386727,2539.694156,8322.516542,1984.692741
5.523896199,500,1551.771774,2280.37077,2679.063534,2545.703333,8225.742851,1923.328433
8.287988535,515,637.9755097,3406.817559,3815.756725,2762.284997,8916.251169,1500.940897
8.974950855,234,865.8836145,714.7515199,1126.845396,870.7584833,6760.820082,911.8248035
9.619957891,136,369.8528568,4134.276273,2946.171472,2360.877815,8105.472907,1039.265902
10.11547456,256,791.1782343,2187.099569,1472.62428,1861.95813,4274.867076,818.8217239
10.72346716,250,581.7389742,447.3822481,830.700468,3359.902529,1320.052126,4268.038025
10.70836064,318,245.3701944,981.0602908,631.8505584,550.0256661,5352.038665,436.0362998
8.487229433,245,1094.968573,3126.688079,3117.552862,1037.342375,6789.222141,839.454817
9.474677192,355,257.999983,3926.527913,2856.041389,2068.110991,7782.272019,911.0992607
8.682200408,460,1572.1306,3011.716966,189.4109533,2478.817107,3475.391845,1118.052401
9.365537148,441,1595.460222,3189.661076,134.7290117,2653.614864,3611.644478,1220.64531
5.357980951,236,2133.141147,2048.049363,2380.998576,3571.518106,2755.530744,2939.14056
7.867791695,593,897.1708505,2376.99235,2281.711583,2451.41943,3435.026507,1505.722401
8.662376546,613,1166.293319,1796.661233,2120.47239,1164.63269,7111.637621,1018.354621
11.48621998,164,1467.207996,2409.288579,785.8146886,1868.937595,2931.801896,1134.915368
12.59798101,146,503.5199223,1066.232861,2661.965302,4223.51932,1616.456152,958.2754052
8.90625794,313,1301.312621,4133.659095,4217.638245,2970.868379,9122.74833,1415.687233
10.10149586,556,1216.221135,3442.929452,3807.262359,2375.623263,8555.830637,921.0148237
10.69628921,300,139.6997663,3790.707543,3211.694987,2089.394725,8050.111531,685.7707294
8.848061442,530,1046.775545,919.2402187,1290.876299,1029.844622,6763.61205,1055.558474
10.51389704,150,464.3000675,1568.701722,1839.914869,1802.260847,7078.082936,935.0122113
8.076462454,350,1747.187565,1570.397101,2017.871441,1773.79274,7658.583477,1793.590988
10.10227373,485,336.0466436,3853.445542,3338.208272,2231.807623,8242.352077,745.9551691
10.0902764,160,461.5294513,1157.238466,878.4263225,719.5449703,5262.777771,393.8353638
10.48839313,423,565.5617999,1597.535728,1897.536835,1840.799166,7212.205417,1014.066668
12.57210383,100,560.9774368,1010.900467,2728.470442,4299.089649,1561.413523,879.6787359
7.135018928,400,929.342624,4559.225742,4967.622213,3736.330593,9917.279965,2247.374473
8.231531164,172,1472.746305,1647.060624,1724.675588,2117.695438,1799.026541,3121.897005
6.197430668,465,1930.47183,1852.732002,2192.982653,3550.585708,2581.92514,3116.500182
8.572624834,140,1749.517677,1869.009499,2272.681604,4230.047288,2330.433952,3908.917802
8.437833669,381,970.7875875,2336.971954,1225.743561,1785.354408,1623.047589,2775.1556
6.407425376,500,1169.762352,2415.207887,2588.64554,2633.2189,3031.282328,1919.975284
8.961119665,458,895.5735822,1641.412318,2017.33209,1903.788918,7568.171543,1242.581035
7.379523289,480,912.392887,4580.443377,4991.715651,3786.942362,9968.370365,2305.998145
8.201865388,540,559.1785116,1624.691248,2056.471444,3527.044778,2145.817206,1666.838943
8.734735446,400,1485.259731,2486.09764,2939.801141,2701.911961,8573.886825,2281.751706
8.339813391,450,601.481964,418.8104566,873.0424093,646.7290899,6677.674677,647.1781169
8.929744612,475,546.5167046,357.6119221,814.6200225,607.78807,6656.705135,590.2840436
9.049204457,170,1521.427009,2159.231749,2519.646355,1506.80564,7556.500074,1116.601354
5.230549054,450,5967.200892,9404.149145,3262.719991,7257.353749,9153.850076,6639.916555
8.500277888,115,1247.195562,1425.079527,1832.598052,4214.017751,1828.850635,4261.764306
9.384501541,341,516.2106364,560.8160397,630.8628795,334.2307118,6011.189951,537.3249994
10.23860732,250,113.4901119,831.5954742,530.9877472,393.9639288,5516.066108,595.9617519
9.549300046,504,551.3150686,4097.261221,2564.826903,2146.358384,7614.606256,1169.016412
7.959548963,215,1731.024253,2103.764577,2548.820886,2301.714181,8114.910002,2008.348281
9.021847804,150,560.4924016,4277.756735,3048.444584,2567.242607,8340.32344,1166.650698
5.732990316,1473,3854.593906,7419.089018,1694.015527,5314.453709,8523.649653,4537.409979
9.142412129,188,506.0560461,4223.275341,3061.24636,2512.719302,8305.083723,1112.395041
7.282089603,443,1582.596808,2230.538619,2642.324675,2496.065473,8257.81966,1925.060721
9.792497504,195,254.3229503,3904.629172,2861.741763,2043.370498,7763.56748,895.8660462
12.8601998,240,319.2059163,2394.686679,1440.440044,2176.653181,4018.987914,138.8230715
4.717624161,877,5416.203491,8781.068699,2612.043165,6628.274422,8553.363045,6077.569792
8.164284767,233,1697.519863,2276.151139,2665.425009,1799.052582,7828.142918,1240.590501
9.893797495,112,1065.086206,1949.826135,2306.053682,2208.993219,7723.588879,1478.245521
8.284284424,418,688.6694236,519.5268742,958.2889932,714.5765375,6700.779607,735.1773441
8.777761761,277,1447.901415,1177.511832,1736.806904,1680.209501,1652.191343,3102.921218
8.662975348,156,1596.605533,3350.204921,3806.506759,3592.295388,9570.754622,3172.407119
10.29706872,363,391.9317563,522.434695,259.0364817,448.6266583,5904.607731,353.3124802
8.324020331,530,1115.301662,1368.757736,1673.255338,1136.127616,6778.474918,763.4967516
9.216129918,350,767.8497963,2271.838232,2210.585998,800.8120078,5383.071978,939.8829786
6.681910037,510,1630.553909,2292.459702,2703.122042,2558.008158,8306.631194,1979.831576
7.55541718,151,1999.081889,1859.088077,2309.509009,2067.85302,7948.84016,2047.338948
10.38335763,160,235.635372,3776.922151,4199.019701,3220.878703,9372.570112,1919.58284
12.28219222,120,227.5910107,1392.56627,1572.089792,1588.986413,6649.132548,652.3766751
8.455299102,270,1475.634858,2116.469738,2527.072364,2382.030599,8149.057171,1811.458089
7.947189824,280,1547.561774,2328.664688,2717.851103,2593.303324,8212.977563,1937.953427
8.172423948,106,1073.848711,892.2619909,1345.510652,1111.382939,7097.31046,1119.828896
9.160877973,372,466.2053176,3480.304464,3897.808781,2920.527785,9063.170023,1678.197242
9.731534228,120,693.5126817,3654.472082,3760.399222,2251.216281,8372.833755,679.3361472
5.001229421,600,6211.064768,8882.458412,3195.883711,7210.041844,8253.560198,6843.944534
8.993163607,264,1822.38016,3560.066466,588.0670977,3194.228992,4072.494706,1584.713163
12.13894732,365,533.9619236,1016.61825,342.3293828,724.9964638,5369.169971,719.0651779
5.894861816,509,1764.825522,1142.591249,1778.980255,1558.34873,1978.400995,2785.648823
8.343594471,180,1046.999812,1684.793472,2082.924992,1949.900732,7706.762778,1358.11971
8.877780106,272,283.7048522,2376.545343,2488.896938,227.3530561,6277.866022,158.2517915
6.92199298,380,1625.145839,3029.46121,2869.882473,1643.219658,4688.436701,1814.608905
7.649440345,350,783.4836995,4457.580201,4870.862422,3700.350225,9881.51566,2239.535109
9.85867002,285,684.5807797,1595.112259,1807.243975,707.2177788,6507.564992,412.7522
9.926733607,220,751.8218711,2127.679197,1410.447743,1807.092457,4324.160439,795.9736285
7.525361188,210,1244.198857,2984.308206,2907.170161,1246.80898,5231.066012,1373.634147
9.431214814,182,1188.925083,1490.752229,1876.40359,4560.088548,1393.088269,4765.48944
7.27552216,560,1138.331119,1311.58835,1616.765634,1161.613855,6750.893823,761.6647601
8.544111038,476,517.5632639,3925.4325,3456.056216,2374.442958,8413.096486,844.9320096
10.4687737,200,132.9334008,3848.855338,4275.441037,3340.833809,9486.273118,2048.664443
7.770025718,550,1245.592837,2554.257245,2852.448883,1258.339527,7437.913802,562.2289184
7.627168089,581,500.8122569,4196.920968,4638.604226,3878.380057,9992.737897,2621.279845
9.1588007,340,783.5132173,1336.862056,644.5219665,1022.188578,5066.599361,664.8073974
12.13676865,343,866.7441833,1314.483424,1231.506799,961.8396821,5540.829259,688.3777285
5.610911787,1400,3813.064371,7370.166789,1639.36824,5263.655254,8473.821374,4494.892982
11.32152177,113,731.8096382,1530.331453,1231.96166,1092.204429,4929.412943,351.471802
11.01913228,197,466.5643548,2029.07188,2221.812546,451.6131627,6580.166324,373.2023793
8.213222082,162,1144.683843,4934.068197,5372.108194,4466.824857,10627.62279,3079.388068
10.27344003,290,986.9341008,1292.959052,1675.791147,4405.791574,1307.985461,4755.579238
7.291836534,450,622.8666591,731.627152,804.1548287,503.3345641,5992.842799,720.0578491
9.429225964,190,226.3830439,2171.191421,1669.26655,1744.431518,4163.119261,759.6023224
8.29566541,410,1834.903286,2289.569125,2727.618397,2550.655226,8476.71441,2112.113275
8.229127094,500,535.1319605,3344.819165,3765.397364,2851.181645,8975.167863,1673.635989
9.786459343,506,481.2332021,568.7063128,404.9127999,559.5212781,5936.301668,451.5989724
10.5673111,292,1505.268838,3043.390856,221.9820646,2503.202745,3460.195835,1200.091911
10.61820916,218,341.7712177,1422.656656,1696.703738,1656.352975,6999.161994,798.2420642
9.952037108,165,232.5047375,3579.715476,4012.195595,3203.129812,9310.465806,2020.503796
12.25325366,180,498.6345188,1652.666223,904.6797218,1434.676586,4746.182224,713.7469516
9.116725171,350,633.5375129,460.9059163,904.2136995,664.6510459,6668.445994,679.9754097
10.26534943,124,561.5784041,2063.083864,1960.221762,3248.502865,2448.105724,2058.750819
8.666783267,247,825.8943292,2366.654357,1732.649732,2143.086882,3782.803574,707.3383096
10.22691434,240,1160.227555,3550.113804,3919.689767,2505.537547,8685.486525,1039.155664
10.44278344,180,416.8424291,1496.118799,1774.647354,1731.810353,7061.393081,876.8503623
10.47496303,240,270.8971012,2594.836512,2297.591033,3258.992767,2785.88442,2463.102894
9.476013056,615,800.6898219,618.3457721,1072.330606,842.1335354,6855.497823,846.5157632
7.148360718,410,1647.274656,5413.328312,2555.066554,3580.364264,8740.386636,2310.161078
10.08031229,778,937.5455969,4110.044717,2281.971032,2041.046404,7186.375193,1426.609247
7.901738498,1181,1123.709578,4577.114588,1991.706427,2528.704193,7460.439633,1745.02842
10.7013224,354,1283.251412,2531.669856,2968.516622,2492.486504,8417.2393,1815.310784
9.590371512,789,409.6482231,1091.932679,827.0290937,655.559359,5332.141334,452.4580124
7.93618032,385,778.004298,4417.303257,4828.449252,3640.483659,9821.872111,2175.863053
8.63451045,319,1578.13782,2109.2478,2535.566608,2373.509428,8233.996863,1875.263792
9.737267365,400,322.9822685,3827.898795,4270.227073,3575.560589,9659.115807,2402.57969
8.636948964,260,1223.791663,2175.923855,2493.137428,1204.0357,7313.165816,955.7855701
9.186071899,509,899.266895,2509.918827,920.7149451,2013.501387,1386.146061,3103.206747
9.072772596,276,794.1663777,1318.389529,1714.602555,1583.067186,7387.793055,1022.945801
6.092697291,455,1589.551757,1668.218699,2066.321876,4067.797498,2305.88669,3807.40479
8.681695206,500,977.9416169,2547.338871,999.0675473,2040.721695,1462.803325,3116.47089
8.374788086,600,557.1833859,3988.55355,3444.858954,2437.165153,8468.18068,909.8081361
8.993479956,250,411.3221677,3511.555042,3931.312844,2973.478138,9113.312756,1733.416089
10.58625607,440,711.2568161,1522.158015,781.1417034,1261.471244,4875.549266,911.7046241
11.97634597,170,453.8610942,957.7567266,328.1943062,649.7563153,5403.921672,691.5515338
8.850469549,360,969.1119947,3318.429519,3659.870943,2101.643375,8274.964158,613.1837228
9.358648227,350,1589.214712,3237.966785,491.6939284,3130.568469,4141.916562,1305.121241
10.39453342,171,952.4872944,1966.047295,1770.033546,1377.019019,4915.115243,997.686047
9.415804805,400,312.548881,4032.112067,3104.544357,2317.152716,8173.574614,923.7680329
8.652602163,225,1012.632442,3029.887134,3186.831724,954.6372797,6778.925326,749.0066975
9.034743463,290,1051.05696,1251.832143,1521.240076,1080.800296,6589.207465,625.3957491
8.749881794,703,660.9680752,2548.909886,1959.160486,2140.916576,3766.918698,1183.48871
6.570980659,450,1759.31518,1589.953327,2027.0065,1775.86745,7593.898215,1686.365432
8.492738446,500,295.3429389,1010.914442,710.3954662,571.7009461,5360.972712,444.6025525
10.26494776,400,611.6615584,737.7127342,1107.992724,995.7839467,6838.498768,514.7823859
9.462544264,489,384.9639735,1020.088985,793.7562547,591.0054947,5433.950391,558.3502668
10.67227347,155,511.5597715,2114.187224,1826.844623,1679.225565,4503.27141,858.59689
6.732890279,556,4039.75714,7334.560887,1178.92816,5181.317224,7684.044817,4682.086919
9.791267248,350,223.2138365,948.4849641,635.9391608,510.5016048,5405.554152,484.662007
13.14020168,176,134.859782,2099.325981,1371.136256,1939.763588,4376.608205,295.2932657
9.414847887,300,242.5283335,3835.711269,3266.947852,2172.908683,8154.771932,724.4658694
12.48539283,290,592.8369738,1026.998128,1404.211096,1288.214163,7081.53789,717.1294435
8.911030576,401,1178.060198,2046.982771,1521.496736,1874.740662,3556.66175,1045.741702
10.49039405,350,548.5221975,1740.892121,997.7483438,1478.32402,4656.094667,724.0367801
7.78281742,790,900.3999068,3527.059063,2780.083188,1460.179403,7013.842676,1080.351605
9.882054967,183,1416.042261,3162.84693,311.7704401,2611.746648,3492.698655,1363.703213
9.948649595,300,530.6094229,2328.513433,2434.810696,3529.304647,2874.465099,2153.200737
8.933936397,584,311.124791,3814.98117,4256.997317,3558.736744,9642.942134,2386.156318
7.373134672,603,984.2224356,2281.425615,979.989928,1761.25797,1391.601303,2968.228606
9.940307033,270,1843.446652,3637.978087,725.6207282,3313.517743,4152.04021,1721.498186
7.625001708,540,1386.822263,2676.786543,2954.944803,2945.871393,3240.161814,2151.030385
5.097506186,400,5347.616286,8239.677222,2309.461034,6323.590116,7741.033249,5971.729889
9.475702857,307,890.2191596,2567.731674,918.2543317,2077.002531,1392.73774,3031.078447
9.869559434,450,941.5581772,1533.066477,1351.087235,1128.246688,5191.598334,744.0787983
7.40875662,449,1467.186431,1315.44576,1725.177005,1466.466909,7205.830931,1316.064465
8.005793965,306,1084.905485,3029.189486,432.8393315,2583.214515,3783.867009,678.0774489
11.16717098,137,648.4815617,1553.557173,1742.781327,678.8861946,6402.517385,309.3797723
9.906599474,450,987.1533112,3382.200205,3767.208795,2503.231941,8680.973183,1145.128106
5.490254981,497,5475.112206,8454.328056,2470.25442,6496.337599,7947.337071,6107.836997
7.125325991,495,1875.292029,1323.818561,1853.493275,1691.328374,2126.37203,2693.99838
8.981502776,220,1368.990315,1428.27132,1643.783304,1919.830008,1639.174952,3200.372744
9.530196288,178,1197.653533,2614.819781,3049.650082,2516.071509,8471.521333,1778.479677
5.702829737,670,1533.086058,2224.016329,2628.451406,2489.555828,8209.258524,1890.089396
8.100876259,550,972.445892,1527.008374,976.8215383,1476.89741,5208.30722,1170.628232
8.641471084,290,1505.014461,4656.179629,1658.547919,2532.388699,7027.713286,2046.870195
8.309011784,563,979.8489647,3026.343986,3353.085743,1771.246384,7949.737725,396.9012495
10.45306844,245,158.9532427,3652.570306,4084.359079,3252.326913,9368.395853,2043.879343
11.87351948,227,478.7344986,2417.275783,2579.330947,424.6117245,6563.687359,182.019729
7.956562904,280,1696.269944,1586.406882,1504.704932,1633.834632,3009.490247,1793.678863
9.125033732,230,335.3390286,4146.843512,4578.338053,3665.051887,9813.639222,2342.375659
4.832653067,300,5850.110146,8719.251596,2851.850468,6876.396519,8154.166819,6485.731648
6.65929129,400,1131.593113,2722.632739,3166.737049,2747.831991,8665.526085,2002.696349
11.36055156,157,380.1238395,1112.819255,777.4989273,676.0933375,5240.173097,320.2833806
5.737188222,650,5177.6401,7865.184066,2088.834146,6059.110326,7373.142874,5783.053683
7.30954988,171,2014.69684,3461.912623,915.7596786,3431.84332,4447.101419,1778.069337
8.449709497,431,1481.379407,5248.000742,5689.483985,4814.330055,10974.09166,3421.017324
11.3499541,240,251.8939414,1313.252978,1585.429628,1545.530305,6926.447016,690.3595413
9.542972428,600,478.9306892,541.7853329,446.1092188,567.7209799,6002.665895,455.3917471
11.31350328,130,695.8621158,1534.437646,1218.343735,1095.227699,4893.45547,289.9709666
10.39984018,300,278.8154464,3805.790321,3320.696565,2167.458616,8175.324506,695.2485741
8.91106317,350,862.5582406,1333.143211,1739.287327,1598.564049,7440.949872,1075.214263
7.810395329,204,1747.976399,5516.47437,5958.254936,5066.996939,11232.24092,3654.451943
8.338866352,555,647.6713763,3543.306501,3992.937845,3501.221917,9499.846807,2480.94616
9.515298497,122,1504.753877,3307.740819,307.8849721,2759.597314,3638.463661,1402.134167
13.075087,164,366.4640455,2455.259346,1387.871755,2240.2246,3963.173908,155.4723477
7.299333112,500,1130.190481,2926.599352,3379.805068,3120.507567,8979.369489,2367.908419
9.482443073,316,723.2977424,1410.179855,1485.656463,777.1723242,5974.744749,201.8818798
8.744502065,750,1206.706978,2554.405789,2838.608131,1168.80823,7350.234504,558.3983666
10.27123184,195,1347.438316,2024.804016,1631.485131,1924.723583,3585.512091,1242.131556
8.956273873,252,729.9755006,1408.233807,1783.390467,1670.093444,7376.547755,1027.722232
8.358028605,376,1513.576734,1108.928841,1804.141355,1604.853489,1704.247908,3040.068868
8.624093766,380,1388.425432,1722.054661,754.6687033,1126.203056,1936.313939,1961.536766
8.711439911,138,517.6321394,2075.240206,2518.283428,3726.457495,2624.015649,1875.358609
10.88213115,484,280.4225719,975.325121,697.8372204,536.5389107,5412.048862,499.7767971
6.827044381,642,1298.855747,2645.763531,2463.904033,1522.783171,4672.201773,1592.475747
10.73334281,349,552.7500547,1807.144509,1067.128229,1533.494229,4593.681082,707.4827335
8.518604336,270,453.4791866,2017.057639,2553.171856,3784.76354,2566.538708,1806.450269
9.086337945,136,977.5711346,1423.525342,1697.149858,999.2832516,6683.116449,636.234398
9.294275871,289,840.5627234,2460.579248,2339.754554,2486.554931,3413.430979,1508.666441
9.489327631,300,281.6748445,3839.009194,3299.6471,2194.436248,8192.273858,728.2549214
8.617284086,182,684.2463773,1592.771975,1928.793547,1846.427994,7357.67632,1087.673088
9.295503223,250,1199.102712,1484.155566,1875.591021,4515.687242,1465.239635,4687.721374
11.3518273,400,494.7650724,2055.933871,2049.158282,539.350556,5654.413206,631.9184303
7.418510779,998,431.0765613,3532.683202,3975.70085,3344.763784,9395.3308,2258.765984
9.599281245,493,527.2114903,656.0639215,253.2804727,578.7280022,5790.807786,487.6662776
6.136239954,756,1593.064237,2253.47343,2472.217654,2789.503166,2688.687764,2366.890927
8.427643413,350,992.5076851,808.6172223,1264.020533,1034.945925,7040.086945,1038.14283
6.834889634,350,2050.954061,3463.12637,977.7553467,3437.869653,4507.059304,1826.040197
8.563266138,283,1530.180739,2137.571614,2553.82098,2402.919777,8200.36767,1855.180958
9.078316195,119,1037.386253,987.1422792,1212.483275,926.8892932,6351.94908,639.8597772
9.279572589,545,423.5143083,3947.374291,2709.006722,2021.565023,7616.273847,1012.378392
9.624365117,171,1085.066362,3777.012375,4233.425377,3953.069969,9866.209997,2994.337089
11.13085816,205,585.3432681,1300.647446,995.0801493,861.5002824,5108.47564,276.1237626
8.366485829,710,614.9813478,3213.825308,3639.777946,2819.776399,8913.701949,1725.039056
8.689910675,155,679.6823852,3528.597901,3780.252742,2126.94127,8258.69155,556.4066892
7.223367837,400,1612.891877,1552.208665,1906.858651,3542.37603,2322.81557,3404.100021
11.66782952,127,237.7890379,1315.581429,1582.787312,1546.088416,6910.636346,683.7760898
7.472102614,380,1145.48704,2872.437404,3324.91651,3056.380706,8916.123737,2317.157496
6.265574058,514,1067.506055,2752.29047,3190.244399,2659.183023,8625.387562,1859.005992
9.39687527,150,492.6528341,4256.189427,2898.149394,2479.302278,8171.119781,1157.914856
9.241710155,350,787.6475384,1360.052275,1422.096158,842.3201512,5932.362069,273.1177004
9.790431142,472,672.2773815,1445.972761,1804.358228,1704.592262,7338.627926,1010.663827
7.424719458,500,991.0701015,3703.28802,4023.603089,2456.733108,8611.063908,904.8770385
7.515866195,850,666.7463219,1697.942289,1049.884778,1604.156231,4914.586611,862.8569885
8.48217534,200,804.984906,2915.839978,3000.630307,758.0533972,6264.479734,672.6399302
10.49872106,270,480.2362039,3302.608759,3502.788829,1665.95004,7747.794177,213.6766583
9.165702454,135,361.0718273,4112.428543,3009.87827,2364.738669,8151.432512,1009.513
7.147233375,350,1702.467694,3393.707958,3176.350119,2184.074414,4181.592285,2255.643808
9.442787459,376,524.4540038,2100.568489,2302.745415,501.1927084,6655.24962,377.6504452
6.890561087,270,1264.385569,5075.886697,5506.602112,4480.264902,10657.23093,3037.401222
8.126749192,384,875.8321373,2163.795754,1502.090903,1794.678659,4211.077167,964.6110972
8.38531849,300,1406.577089,2580.313066,3033.948643,2795.835713,8661.155663,2295.61553
8.729310264,352,1131.909546,1916.760591,2231.863233,1124.075641,7140.452615,1027.619167
7.225466135,350,1411.120103,3216.204084,3144.128391,1406.146154,5262.731496,1503.667303
8.464763507,500,1020.422112,3181.262309,3635.511631,3354.920992,9239.868852,2520.286814
8.671558215,280,1149.630474,1123.160646,1400.82619,1126.88809,6560.882127,686.0547313
9.235888522,280,963.7009382,928.1616946,1126.129483,836.0192997,6264.195465,656.122207
9.565283699,588,547.3195445,634.1254927,412.8072316,623.767198,5892.953108,516.9537038
10.68408342,250,373.5316322,2462.530633,2529.544413,344.4892604,6050.495397,411.3572916
6.633794322,190,1616.456292,5391.4219,5832.228658,4933.471017,11098.58668,3523.712469
7.969268121,950,727.0734125,2554.285587,1948.407345,2152.070411,3766.76424,1207.232778
9.412981169,308,1441.221994,2131.669737,2482.861651,1426.578346,7481.666284,1095.210501
10.5504422,190,1357.021158,2459.354637,2897.204732,2461.885281,8362.644918,1834.755019
6.326643539,520,1444.91322,4590.427098,3963.053306,3272.005404,9355.450556,1701.540835
8.347064371,550,526.5147409,2445.422998,1877.57212,2031.52955,3869.590706,1063.694645
11.00641543,211,629.5162499,1812.060991,1237.284319,1410.140638,4504.67489,506.9451813
8.532140007,379,1211.961387,5011.233687,5436.092004,4340.141529,10520.78133,2875.246742
10.30333726,122,474.9481952,1163.000104,892.3454955,726.4197269,5268.848797,410.9459775
9.445986246,170,910.0483093,1719.713823,1070.294732,1354.593562,4637.793828,621.0535889
6.68701441,403,2581.124455,5358.219942,882.8108035,3201.223594,6387.975041,3074.959287
11.39506014,155,220.7392051,2321.318423,1419.521362,2118.164584,4105.968522,51.55774077
9.740729921,231,473.6613566,975.2080522,838.2162352,582.383069,5585.376725,743.8505552
9.282516036,230,582.6923523,417.3813279,851.7334991,607.6125868,6603.954731,629.2048705
11.25182244,173,666.7405527,650.2595584,713.5883902,772.9288956,6178.732062,233.8092669
10.38703731,300,540.9600741,1812.16852,2012.947817,549.2110705,6537.497484,482.9456983
10.69694964,200,520.1841649,805.2902507,781.6084283,486.5203575,5827.180433,745.2673433
6.91378644,220,1970.659878,1910.695051,2363.160832,2124.101135,8020.315366,2116.313529
10.02810988,600,939.1976251,4060.847071,2312.307533,1987.474164,7149.725059,1404.536315
11.44513831,514,431.5533485,2112.054513,2118.457439,471.4213372,5712.471837,647.4471554
8.715166368,110,450.0622363,1979.87979,2423.476378,3680.190373,2526.565082,1817.717077
9.645894549,110,226.4742447,3983.948387,2929.191466,2175.202825,7933.89592,918.0146345
10.64865933,230,630.5829453,583.5109264,721.7203862,740.6820015,6285.674357,203.3419556
7.908250075,261,1792.952104,2052.147282,2499.412411,2254.203695,8090.786591,2064.357139
9.324683819,577,355.1602681,3499.598346,3937.644325,3227.44219,9302.691533,2110.165245
8.198993339,140,1638.750763,2304.979509,2700.362644,1870.107221,7892.666042,1283.113163
9.620173268,216,1070.819806,914.0522464,1333.483231,1078.056454,6940.09908,1116.971112
10.95801441,241,478.7027232,1833.317277,2020.795897,488.378215,6485.251698,451.2926976
8.199295515,667,1449.421632,2444.121473,2775.960725,1427.428201,7578.244729,759.058782
7.535513066,158,1962.120419,2059.797569,2459.351305,4010.278064,2555.329059,3750.317347
7.794518082,750,943.9049517,1024.024369,740.5675439,1050.672911,5770.26988,601.249485
9.849716514,140,1451.329984,4679.284584,3881.526888,3319.555296,9351.149251,1753.687881
6.212423132,590,2549.353498,6291.874522,2971.620706,4513.381919,9526.847715,3180.884234
6.335728336,300,1400.502319,4711.201092,4504.979089,3615.499136,9761.156684,2056.09933
9.416523872,380,569.6543109,1245.010999,1605.1263,1503.403668,7191.010455,837.6827286
7.018217338,166,1498.107993,1547.41775,1760.294849,2003.067956,1800.018034,3100.862875
7.576415845,450,1457.469038,1559.146864,1685.832771,2331.862825,1825.438841,3116.107347
8.724418828,210,1806.894028,1631.661791,2077.045235,1831.037754,7695.184474,1815.324883
10.50943639,134,1159.565119,2272.078168,2126.154497,1199.480886,4985.625878,1193.454163
9.398686567,444,463.4753972,1097.068616,874.231236,670.4792659,5384.165885,541.3573296
9.774107472,251,1016.626905,844.5499354,1286.346636,1040.9501,6985.400695,1063.125052
9.982970223,169,1501.723886,4689.190423,3943.352346,3354.469703,9405.647277,1785.965641
6.188567169,800,1669.662878,2539.892906,2997.294416,2773.351973,8727.691456,2598.147586
7.007604795,288,1694.56908,1513.053846,1958.019652,1924.031194,1987.249806,2904.881147
11.39046971,400,533.6366032,2311.231211,1729.469982,1903.133732,4004.105703,950.2137548
10.88010574,346,476.9570397,1546.867034,1831.196392,1784.798143,7116.066635,936.1006443
9.216045578,210,207.2657102,3909.748687,2907.216431,2073.013783,7825.884273,875.3662606
10.00632622,487,683.9822833,1602.117006,1081.97102,1188.907138,4713.336373,270.8666466
7.838265405,300,1112.816957,3051.937158,404.661949,2588.461277,3777.837724,705.7878814
8.385504461,350,1579.630769,3096.110517,112.1223147,2564.818782,3557.50306,1134.578143
9.702625015,160,1176.030214,4790.06298,3245.156621,3176.388283,8910.953343,1702.474582
7.560983326,700,1550.262687,2351.588449,2703.464125,1528.406474,7640.812997,930.5317149
9.287127228,272,476.7441298,2576.522942,2205.495757,2137.262413,3967.171917,1206.11614
8.132276024,140,1597.633813,1945.542098,2388.553069,2204.706507,8184.879137,1822.232432
8.564378633,240,1599.879516,2249.182922,2664.261318,2041.97299,7990.138464,1514.472553
9.448066876,140,1568.877868,2228.027021,950.0245838,1696.485132,2833.629572,1116.799971
7.684404645,826,1324.875715,3066.133977,3433.109565,2104.478879,8281.192344,828.3440737
9.019871138,429,795.5194125,1113.300245,1524.362396,1378.820958,7271.35199,915.1331184
9.14688227,447,719.6870994,1050.828606,1452.120977,1315.682209,7182.749035,825.4515255
9.537524469,366,387.0927179,4198.205189,4628.923028,3697.979079,9850.973302,2361.322187
10.04898478,242,622.2976934,3658.325552,3693.862045,2215.696371,8325.291651,645.4951524
5.867086881,560,5112.722642,8460.556128,2290.657287,6307.26981,8332.18961,5770.332068
9.201463621,417,1071.285555,1187.041035,1448.737857,1104.277674,6534.866284,615.7412852
12.12698438,292,539.0414431,1637.312983,889.2292001,1406.265652,4758.141166,747.3979906
7.684238539,710,1218.565294,2565.05653,2853.962839,1204.931247,7386.190019,546.2353228
11.17351348,270,822.5147207,1472.875534,1239.531783,1047.932231,5106.208998,549.0031531
8.195566706,261,1602.917369,2211.87777,2640.36921,2181.591034,8063.256053,1701.120796
4.979444533,950,1352.939875,4958.511545,4967.837002,4023.916584,10192.23779,2488.195702
9.684394473,143,491.2015057,4247.322791,2941.76596,2487.826957,8207.415582,1143.989105
4.691867984,767,3462.636976,5364.353082,1590.883453,3506.822726,5339.024977,3466.169047
11.5188589,130,767.0883651,1109.031575,1083.289766,794.6624891,5736.816375,654.706261
5.986656598,440,1601.831151,2206.797486,2624.764744,2472.012021,8273.022081,1928.593795
8.376893649,350,731.5040352,2071.555897,1440.862528,1687.081902,4268.186802,816.7454616
8.848974098,120,848.1692952,2958.586989,3048.261731,799.74207,6308.753051,701.1913113
9.580722098,140,660.3629105,4351.039631,3093.678468,2665.921236,8445.694014,1240.65583
8.569613489,750,715.4511748,2574.735949,1974.551437,2170.176765,3743.855707,1219.67264
9.509498743,450,747.3852182,562.0146518,1018.461237,795.3065048,6823.89693,792.661601
8.65434807,591,614.0006343,3299.823424,3716.580269,2768.854927,8898.482907,1587.912582
8.140716386,220,741.615128,1588.883449,1939.849594,1846.200625,7417.813103,1121.928935
8.06079462,240,1528.37718,1659.236661,1780.068722,2104.342176,1853.438969,3067.515523
8.742149484,252,1200.768819,1114.049536,1409.74143,1142.270981,6616.817368,746.295229
8.886850448,400,733.1417661,1106.356221,1507.397224,1371.257147,7228.414255,867.1742743
9.287372626,161,475.8319781,1008.918808,853.854553,607.6035681,5539.685577,703.1996995
5.510817477,550,1544.085781,1613.35747,2009.996256,4010.226306,2291.702075,3796.412028
9.124127641,328,1618.220376,3351.820572,252.3373639,2811.887145,3730.245426,1341.994889
8.033724021,350,1290.256806,3397.391691,2814.110654,1246.437715,6192.661965,1164.86427
7.711975157,334,1307.115393,3034.335895,2950.812913,1309.738322,5187.26028,1435.633992
7.898579681,120,1264.346654,1098.907475,1530.842517,1278.806425,7147.317191,1310.794712
7.914109,350,1083.135467,2990.274501,439.4713131,2663.331219,3859.505118,709.4951703
9.565368465,379,198.2339443,4006.310569,4439.131283,3564.477512,9701.666818,2277.713734
8.603048332,148,1173.391487,4862.71764,3050.326343,3179.602015,8796.636739,1756.702905
13.27969134,296,339.0423235,1025.377915,566.8224436,628.6943012,5289.48504,444.3624322
8.245726301,434,869.484786,2166.051897,1505.625686,1796.096653,4206.971187,963.1324965
7.877249766,180,1651.08729,4819.168349,4023.635879,3505.860913,9550.431925,1936.515323
8.983685946,461,498.6701395,3996.080964,3376.831609,2411.023362,8412.628738,902.68557
5.718564387,616,2918.576455,6542.183062,3715.435642,4924.432981,10216.98376,3472.675646
7.661513661,750,666.8906846,3607.134477,4057.584727,3575.667448,9573.192897,2547.346642
12.07041829,239,600.4239431,1179.200944,534.109615,845.1564677,5181.157197,577.3420379
7.664591888,374,1683.170473,1509.284462,1952.888005,1705.84248,7572.405082,1718.798234
10.66226108,270,623.6890756,589.221239,699.8634252,732.629777,6244.370114,223.7014725
9.023703527,300,590.0220172,456.0791605,846.2173326,588.6543978,6518.224195,635.218899
7.177384917,1135,832.7175134,3460.698772,3854.735979,2650.228436,8824.725014,1301.962021
8.557438372,198,1302.293707,1908.610239,2250.618485,1295.857679,7278.092139,1183.770902
8.431381219,400,620.6584761,2500.922659,1582.417957,2217.378706,3799.251166,457.6613714
9.968388801,130,547.9840724,1764.368712,1239.073834,1348.558016,4552.041522,396.4463717
4.68352475,417,5955.460726,8894.542164,2984.591677,7015.173594,8325.331517,6596.97429
8.742463951,601,794.9776465,2514.673764,2003.435075,2217.774698,3707.761199,1277.432336
11.85557546,186,201.4290638,1255.301132,1523.093735,1485.53611,6877.37948,627.645211
9.18707093,751,346.4760047,3646.669034,4088.77721,3420.522671,9488.607473,2293.044423
8.999332876,250,795.7877039,2489.558813,2269.890938,2422.058224,3477.737767,1446.435974
8.504248321,550,981.3409933,2245.049084,1243.129413,2191.389813,4743.521419,1054.358885
9.548099653,109,885.4042407,1505.502423,1763.400963,905.0068785,6657.559395,582.1246954
10.51655301,144,273.239521,3849.372181,4269.840065,3260.739789,9419.421243,1933.296456
8.753113457,233,1401.37405,2045.288139,2453.76311,2310.866331,8073.919326,1735.333822
9.485940079,750,1217.76013,3368.780661,3732.673827,2312.536056,8493.644533,880.390824
7.51221985,500,893.9519505,2098.065619,1432.272392,1732.869078,4281.97704,923.0412684
9.604194477,175,403.8019268,4169.962288,2915.206768,2388.227594,8107.238263,1076.79989
6.714787774,376,1438.839669,1557.958942,1672.833681,2288.331074,1798.730776,3135.333476
8.724709125,450,1056.600658,3296.718416,3645.663261,2139.458035,8317.633092,682.9395817
5.082510476,934,1339.165211,4911.071237,4901.458995,3956.418079,10122.7941,2417.730117
7.08010505,350,1251.05233,1435.500247,1529.160478,1950.587849,1515.024353,3309.513479
9.353172194,109,395.7790997,4155.51146,2962.165216,2392.500215,8142.672997,1055.914638
6.596151356,740,2300.357915,6056.647358,2765.412604,4248.296751,9257.594544,2946.138185
4.488538248,900,6398.467078,9062.912629,3395.317183,7412.943626,8413.025029,7034.72889
8.990812643,200,1147.624702,992.863528,1408.800997,1152.161157,6986.119073,1193.646211
9.146156132,308,1733.373354,3629.041435,563.4708178,3138.278163,3993.174245,1598.050494
9.341315097,139,910.6355013,2682.372667,1212.471169,2153.849102,1675.911224,3085.260839
7.641166356,153,1450.875062,2378.154354,2820.35873,2483.529409,8333.103777,1927.242291
9.983051432,260,552.9440809,1827.477911,2090.122136,3463.122096,2356.608158,1809.488261
10.2556893,111,737.208577,2382.004136,1593.383904,2098.524406,3687.072951,562.5678596
10.66138559,240,264.6732106,2445.591084,1978.543812,2011.72416,3933.579141,1030.049854
11.86819445,138,245.8477443,1976.121007,1513.744806,1544.747035,4373.09218,559.7159726
7.9009806,510,1032.073554,2799.464663,615.3502205,2708.5976,4127.411885,789.0413179
11.26888457,100,296.2311565,2285.469307,2427.01989,243.3835882,6407.580116,19.21255492
7.572125237,150,2004.034787,2062.801553,2453.737289,3870.149746,2685.654598,3558.126453
8.28198508,236,1312.261466,1589.79295,1983.972917,4582.245079,1548.202394,4663.699774
8.687953728,200,893.2869482,733.0553728,1158.582544,906.1818211,6823.286032,939.6356317
10.12541346,224,402.7333514,3481.850816,3903.915205,2978.898482,9110.736959,1761.558566
8.104107781,450,654.3365399,3348.964203,3759.406039,2733.527482,8880.7493,1501.012879
5.000318787,800,1892.145068,2858.542169,3311.890913,3107.597662,9123.816371,2789.617575
8.913176232,384,681.7489387,2442.956277,1616.672737,2166.402095,3758.245703,520.5115267
8.396743011,145,1258.522754,2752.383107,2548.430297,1690.446748,4507.867288,1675.007804
9.893010036,232,369.8630579,4094.874899,3077.939959,2376.230353,8205.223144,986.0828376
10.2191405,328,527.2859693,371.8826016,793.7422476,545.4745721,6535.396065,573.6626608
7.692515418,747,569.8105249,1700.393211,1022.198695,1589.308003,4851.912001,777.5431366
9.305450546,100,425.7603947,4164.208196,3027.681677,2431.765462,8218.230235,1056.577869
9.287872275,190,1368.62293,1503.862651,1637.095787,1989.505393,1658.412917,3212.175253
10.2118053,100,400.4702451,1385.235987,1686.640448,1627.913226,7076.108146,814.9567735
9.584089759,120,513.4943355,4265.893221,2950.30542,2512.300468,8232.94442,1160.666893
9.616086293,400,382.9666969,3931.599726,3317.622549,2309.427411,8297.167417,825.4813355
7.606173498,886,1766.175542,1607.335844,2027.939626,1770.941372,7499.378036,1536.083318
9.150458193,548,949.7964283,3546.790687,3890.302593,2303.20431,8464.981714,765.4702181
10.2953653,188,603.6890245,1947.84163,1920.543462,654.0289251,5575.130816,610.0882867
10.91925491,447,792.6897737,3724.619291,3827.067102,2364.392286,8492.532271,793.6560624
10.39877873,177,185.9757548,3820.091759,4244.249278,3283.905763,9433.491263,1984.047049
9.655772101,209,366.961232,987.1862335,770.5724348,560.2311336,5469.292063,589.1024661
6.635894271,277,1463.445639,2238.388159,2627.100209,2502.943102,8132.592129,1849.308885
8.055825378,810,970.5369068,4294.964985,3632.52664,2843.630192,8881.571221,1288.430224
10.31580704,197,1374.113641,2198.099527,1046.61561,1639.189793,2658.235127,1339.745967
8.175914583,400,524.0535899,1676.374057,2087.360612,3527.934028,2202.131636,1690.897172
9.70285715,380,830.3813587,2162.433947,2416.694479,805.5514429,6956.060062,651.8339661
8.217598355,418,1328.487684,3431.086333,2791.733375,1286.485832,6126.379625,1215.21112
8.259076374,394,1383.93307,2630.139116,2901.528375,3004.598749,3178.295426,2154.771315
9.580554569,240,989.7048885,1246.256456,1257.622883,2198.272474,1300.621745,3589.05072
10.14303422,442,624.0483367,703.7332371,457.3650623,701.8993388,5864.660113,569.6904578
8.365745826,586,1288.407538,1819.547197,853.045712,1223.49889,1962.458974,1974.361735
7.897828389,850,1037.438766,1706.589979,2008.290958,1041.055856,6950.940789,858.5749962
12.05265751,266,1162.17979,2968.341268,447.1438681,2842.470362,4006.022166,853.3786387
10.90207323,270,319.2037331,1392.596738,1667.349588,1626.34581,6983.409277,770.6239409
8.617211627,500,1152.922093,1717.636164,2040.239736,1155.247105,7057.412704,969.2097643
12.01776688,118,247.9087884,2330.634388,2401.519568,228.3199536,6047.701782,360.9971752
9.275347818,233,1117.294776,2971.424145,3364.191924,2264.564341,8409.299538,1137.937363
5.799118771,760,644.981358,787.2727959,1172.757761,1049.055551,6918.10247,590.7690731
7.866891141,500,1761.673693,5522.008059,2262.588766,3617.497507,8558.266088,2445.309455
8.87108535,470,430.6129583,1038.955155,833.3896635,616.8399672,5448.195787,593.2079483
7.91128699,478,587.170886,780.9077835,809.6009924,508.9018612,5914.525034,747.5053691
11.17122889,220,291.7793734,2380.397124,1419.331451,2168.52596,4039.125261,100.5095897
9.487311818,150,826.9356202,1397.09682,709.1978625,1074.461737,5001.737864,650.9136643
8.796326005,500,779.5611843,3407.399135,3733.376483,2066.690492,8219.609253,515.3982223
10.76394057,190,395.7466608,1579.735859,1772.189152,1783.204445,6779.253057,850.7303722
5.319026058,500,1827.034696,1142.623072,1741.373836,1537.990572,2041.19501,2723.83033
7.676207216,110,1948.420397,1999.369317,2388.667088,3898.313093,2657.376654,3547.202351
8.962091814,164,1318.786579,2033.957897,2372.987761,1306.844037,7344.847251,1136.413916
8.538862842,211,1338.494101,1438.07602,1564.216233,2372.943734,1713.61937,3235.731992
9.498010186,566,865.8718609,681.5760234,1137.282118,910.2315827,6926.519392,911.40623
6.484898219,450,1095.509629,2997.002818,2720.521486,2223.233963,3962.234061,1731.895635
8.084682312,727,867.9474984,3576.010007,2745.032149,1514.48145,7047.348607,1084.142321
9.766443864,110,226.6892747,3980.523897,2922.344768,2167.702655,7922.327704,917.8223041
5.763085535,600,2853.803839,6478.372445,3681.08989,4859.725813,10164.41164,3407.97958
7.37439201,237,1471.079628,3255.916571,3176.189153,1467.056129,5209.188038,1567.222881
6.651270641,450,1288.741207,2588.301005,2411.534961,1469.123219,4720.824939,1530.321986
8.398713936,147,1266.924095,2034.371066,2067.725988,2166.841008,3063.239596,1891.773141
5.207452982,392,5903.144853,8797.230554,2915.800075,6943.044155,8228.780784,6541.247631
12.063226,196,296.9154467,1985.255835,1237.066673,1748.184279,4411.044027,440.9714231
9.245865368,118,1663.544167,2203.682453,2613.527408,1962.135227,7914.076579,1470.364918
7.974626559,360,739.9262261,575.4800935,1007.773751,759.7871515,6723.295222,786.4130939
9.039976604,121,1153.449416,1990.522522,2359.592091,2252.185831,7820.273975,1552.010602
7.015845856,432,2954.909365,6757.939488,6337.928322,5954.998275,12119.82993,4412.874457
8.147211291,526,1687.70957,1508.904027,1958.934211,1717.629278,7626.487889,1733.998157
8.339064078,160,1158.794838,1995.561139,2312.058383,1147.124657,7196.17639,1034.727567
9.085600834,450,1133.321783,1301.400278,1604.151359,1157.283051,6736.201748,751.0522479
8.114328108,300,1313.093657,1495.803809,1903.264733,4271.632794,1855.987443,4264.875043
12.36991124,189,443.105586,1701.375782,953.9597835,1488.452423,4700.242988,659.3714952
7.89923697,437,1117.485191,1381.786333,1687.884235,1137.560886,6791.864761,772.3345507
10.86566918,252,234.0446409,2547.314464,2245.188605,3236.069269,2734.241264,2429.881677
8.153370805,754,1026.067219,1777.701578,2077.401896,1025.741264,6981.38748,886.3155856
7.139590771,550,941.2026991,2414.117374,2006.345452,2262.725974,3703.81143,1352.756215
9.039837737,254,610.3554681,4333.206335,3021.81772,2616.674043,8362.388981,1222.165695
10.44916563,270,1527.358229,3114.473925,188.0292496,2574.426695,3522.351,1226.590528
10.67551175,350,357.1466018,366.7935065,439.9810365,463.4701502,6181.684131,350.8207177
8.076809565,178,1242.126259,2030.720347,2411.721992,2294.253756,7914.658061,1625.672264
9.260789053,480,737.0902457,1592.113571,1819.605205,756.7144914,6569.366136,475.5360913
9.692737914,190,302.6197842,3589.004,4012.281316,3081.301112,9218.19619,1837.573502
7.739528361,258,1486.582731,2542.555098,2997.732509,2762.813844,8653.99315,2368.920351
8.539896418,115,1426.25907,5104.072108,5551.357171,4803.908479,10934.6323,3472.510555
13.07488116,160,203.8137782,2074.239734,1353.574435,1928.805074,4423.644343,357.8063644
8.949321322,101,1387.111698,1244.61585,1639.139448,1378.724262,7079.014549,1194.224093
6.884679172,650,885.8039498,2604.842165,2551.232863,898.1115469,5391.165423,1061.93136
5.223431032,140,2112.378642,2108.098673,2438.110143,3508.252446,2807.267852,2879.51093
11.81773646,450,587.6225948,940.9282698,1317.634949,1201.697323,7012.578733,653.5710784
9.244401857,700,609.1574502,696.8395339,424.5391531,683.4968838,5848.349575,577.9452096
12.79970181,184,187.8816038,1371.149126,1571.510123,1576.109401,6710.664534,648.3852992
7.486846036,170,1999.075375,2318.5101,2768.163942,2572.536731,8590.555885,2229.544748
9.524446377,211,615.2756736,4306.175501,3100.263259,2620.323365,8414.367222,1195.484995
7.816116302,650,1030.467209,4367.547476,3634.795536,2916.446847,8936.940748,1362.680963
9.922217426,215,811.9953025,2234.926836,2162.033037,848.1275426,5333.415684,943.2555537
7.381271609,300,1803.242123,5578.707232,6019.752935,5110.828841,11279.16269,3688.935045
10.46768034,240,503.923119,2108.519214,2306.528483,479.6914639,6637.269396,354.9161555
9.771347966,170,1067.254468,891.1064555,1338.107452,1096.437356,7054.000154,1113.644407
8.539162097,453,1241.569127,4550.56951,3723.122132,3132.129517,9139.092054,1574.215747
8.728384847,487,1431.699979,2525.950134,2978.813112,2739.48262,8597.691503,2251.349579
8.748125476,337,1133.622166,1408.77782,1408.582453,2053.762917,1414.867861,3432.629437
10.97026161,156,508.7796277,493.4242422,580.1095554,616.2726447,6200.953341,343.1508128
10.47641874,240,518.015267,1854.854844,2148.530311,3497.611556,2388.443573,1809.260034
10.60959255,139,440.1702564,1153.788124,853.1477805,714.5674054,5239.071854,347.0855437
10.62432301,280,354.8066794,1430.707374,1707.006272,1665.241345,7012.405768,809.9186669
6.479471683,383,1408.677923,5215.960526,5650.317304,4663.250751,10837.72437,3228.189811
8.330878418,350,1215.744052,4489.90628,3753.066943,3087.015362,9121.328763,1525.173387
6.955388378,450,1068.7829,4223.50901,3813.881849,2857.845346,8948.391582,1287.867806
7.679917421,200,1468.618838,4450.589645,4114.922484,3211.127615,9329.985309,1640.493647
6.90985713,797,957.0325508,2654.511552,2591.220344,969.1176054,5333.25457,1130.784363
10.7093443,100,334.5187672,1301.842034,1599.755199,1542.885942,7009.105694,729.9673482
11.75053425,300,1005.004623,3633.292878,2004.590212,3473.088986,3518.641143,3060.219571
8.827858778,173,1395.759582,4398.421724,4065.790376,3140.885533,9257.001631,1569.717709
9.266775697,550,493.0743829,4089.324969,2620.85728,2161.140392,7678.793892,1129.989659
8.636584714,426,1858.603375,1689.788971,2125.935004,1874.154272,7673.353914,1735.706516
11.60257485,262,462.673796,3662.859341,2870.982227,1726.059401,7453.75545,832.4614528
9.55835737,153,1562.908986,2168.72368,1012.942386,1634.099193,2772.271227,1160.523221
10.54964096,150,716.3116583,1526.561561,1735.20532,743.6451031,6469.615966,381.9716345
9.197236212,154,1017.053755,984.8943786,1173.594376,880.776015,6252.918551,598.4729404
7.701089745,800,1374.214069,2431.166656,2752.425161,1345.620398,7502.997748,729.6583645
8.852303242,293,1641.938805,2220.025059,2631.381403,1986.391476,7938.455848,1481.022911
10.66850157,250,317.6833539,1477.914299,1646.098968,1670.297239,6645.141752,730.9814474
8.477489517,390,668.9662716,1957.336652,1964.164996,3304.253965,2448.697797,1966.417512
6.987786412,375,1545.284952,2426.872957,2697.459632,3207.001497,2977.557403,2322.727395
9.080523542,529,832.5611918,2422.062137,847.9642773,1931.546708,1305.199037,3155.916217
7.60777255,350,1292.386776,2086.012239,2467.353367,2349.630906,7962.897699,1679.663633
8.55451468,100,1309.053873,1971.275591,2311.756001,1299.839529,7311.274973,1193.883316
10.35333616,142,740.4887641,3863.556601,3712.142949,2444.734547,8544.520901,875.3126671
6.546253377,140,1553.606188,1546.182101,1815.264781,1989.550895,1855.050926,3048.316742
7.49867916,133,1209.098194,5019.635458,5448.920828,4408.451355,10586.13011,2963.18033
9.61256428,400,288.94249,2535.202109,2295.718292,3290.183849,2785.134711,2403.061661
10.99009943,260,855.1181281,3746.649931,3877.289657,2415.981179,8550.171227,847.4497547
8.364738898,550,606.9286272,419.9807286,877.1955021,660.5586858,6701.893848,651.7171814
8.903004218,421,935.9376728,2259.015383,1208.723905,2198.988691,4693.143398,1002.957388
9.654137677,176,992.9789297,1018.616605,1173.853227,876.0196014,6172.106104,547.4792631
10.48476549,300,647.6074896,1578.557857,834.7077702,1324.085575,4817.319787,846.8830201
5.367009071,650,2503.905841,6155.769665,3433.184387,4508.301467,9832.802969,3071.48634
9.778441186,350,592.423683,2223.673821,1624.602608,1822.902799,4096.426242,891.9313232
10.42256652,270,613.3364691,476.6219992,870.371555,613.0861894,6540.259633,658.6710576
10.83665911,140,379.5949394,2423.338058,2556.823365,321.4665636,6406.908569,124.4375964
11.56851339,422,417.6113765,2486.591881,2542.299587,394.636014,5992.482776,475.8624549
8.263943829,150,1618.529278,3400.15028,3856.22229,3642.976562,9624.41748,3220.434994
10.93198015,183,984.1813945,1467.788206,1364.993481,1104.514235,5433.107876,720.5408972
10.42837673,378,982.6253389,1303.226722,1679.783372,4443.460097,1247.716859,4818.154982
9.028300324,352,1101.885035,974.8716264,1344.892887,1083.877554,6793.92115,1043.175457
9.226818945,246,774.0062507,3535.362247,3863.732283,2189.194752,8333.239083,626.2476176
8.631668138,596,1053.397901,1367.191754,1655.265493,1076.037739,6712.760131,692.3228361
10.14768288,160,1271.402061,2096.095278,1672.847449,1982.323759,3665.168124,1171.374172
8.534716379,280,1188.905685,1462.537647,1464.196953,2017.009789,1465.99592,3377.184346
9.014321498,535,954.2748864,3237.90571,3691.434266,3372.643907,9279.254818,2505.631058
7.013343968,340,1323.106448,2555.915203,3003.702768,2709.066055,8556.519733,2079.931674
7.175776057,220,2067.215174,2145.164419,2540.288292,3871.358711,2691.933489,3624.364824
9.254207335,290,1067.365583,1752.689952,1620.968999,1121.834372,5235.018872,861.7370293
7.608460892,280,1640.488269,2178.898761,2604.40749,2126.251618,8011.140734,1667.070126
6.809654144,465,1579.826056,5294.383974,5740.17094,4943.893911,11089.03726,3580.343518
8.242804915,548,783.2900565,2112.991167,1470.084174,1733.968341,4237.977579,877.3388728
9.442395639,144,346.5277638,4109.977941,2963.348484,2340.565976,8100.088616,1014.436274
9.348444112,220,965.0483319,4578.465476,3236.848955,2961.106996,8752.482282,1486.031489
9.579738465,600,356.3616146,1029.354427,772.4448423,593.5497687,5390.404997,498.2624182
10.4012845,380,314.9603954,966.8159322,725.6432484,533.0347777,5455.670887,557.3637193
10.06846475,130,1875.647089,3436.323399,699.8640813,3338.25631,4253.609743,1601.152018
11.74723242,268,953.081298,1017.697447,1150.527904,850.7190478,6115.206213,545.7848602
8.717622658,520,563.177505,2510.220859,1941.459726,2095.983445,3804.88115,1126.76607
10.24626755,287,1214.002473,3542.36716,3906.709521,2456.81328,8634.853189,975.6476388
10.95850682,260,1412.392825,2412.673459,801.0262992,1865.90988,2898.136466,1189.842282
8.456503272,395,1231.148037,5028.229928,5452.487714,4347.716066,10528.68255,2878.949116
9.032964224,462,1503.126407,2442.828868,2895.747644,2656.598669,8520.877175,2241.257805
10.02171713,300,306.9314148,1035.286644,713.9034323,597.4007847,5321.705638,401.6904597
9.489711989,140,409.398155,4162.105202,2986.918546,2411.106911,8174.570552,1058.69924
9.848068855,160,402.0533228,949.963011,780.5498956,540.0123363,5553.971954,686.5730245
9.166746026,182,1215.777065,2696.797543,3104.370776,2227.161734,8303.512434,1334.210204
8.274169479,540,1475.663431,2319.015371,2663.088011,1453.769514,7568.840902,914.4782365
11.24139196,149,569.7006803,541.4684945,646.0907728,678.2849969,6229.110781,277.1180528
6.504521064,400,948.6084344,2414.395249,1226.954969,1866.251268,1640.836151,2841.084534
7.907340825,240,1078.031305,4857.947929,5297.077656,4416.981383,10572.36774,3045.043069
10.18528795,152,182.1693479,3930.477168,2949.293413,2120.020073,7899.372071,871.2369611
4.831592751,750,5365.295552,8748.723074,2590.179068,6597.780558,8594.880846,6029.133681
10.59431253,350,337.4838573,2023.810505,1276.300836,1775.704124,4370.850413,450.5282852
8.007228355,216,2768.008235,6114.762998,620.1400709,3978.519503,7442.222512,3406.27443
4.711204522,805,5458.709702,8245.31026,2408.16116,6412.568167,7721.270452,6079.622402
10.08454261,277,981.1840055,1268.244572,1256.77397,2146.011946,1270.119305,3582.374585
10.28826476,463,192.9480207,3802.851435,3248.291021,2124.103898,8102.409655,693.1083648
8.563512095,478,1002.732727,1455.76572,912.0697551,1406.737589,5259.571491,1127.080038
12.20740206,224,317.5335787,490.2087069,406.2995862,105.5408523,5894.992457,372.7972906
7.821517153,247,1675.398077,3591.009497,4046.553418,3835.232977,9821.22563,3372.450321
8.00716924,361,1123.517118,3033.025814,397.0654246,2650.867005,3832.16001,739.9653329
11.05229005,202,269.5641845,1242.501536,1531.075138,1479.991839,6939.334561,655.793182
4.575498104,400,5987.417041,8967.866177,3030.842434,7063.555739,8399.968872,6631.639792
7.270434078,374,1172.5464,1461.913961,1451.289213,1993.145532,1438.343501,3386.392704
6.716415852,650,1696.980851,1525.953535,1965.502315,1715.838681,7556.592,1678.425749
7.481474189,400,934.35247,2736.327698,2692.259473,937.7780516,5442.014154,1073.658048
9.688598005,328,352.1643623,3515.350829,3939.260648,3029.929945,9159.515399,1812.544587
10.73116861,210,386.2618743,2102.357572,1559.464524,1685.474652,4214.498708,716.8271321
11.65084631,420,423.8709161,656.4273292,1049.840777,3833.884112,1409.676942,4598.192964
7.473197015,330,1284.605783,2635.32099,3085.439282,2818.935168,8659.777587,2166.643638
8.126060659,341,892.0339044,3049.291733,2647.651646,2610.081573,3530.447827,1661.983373
11.72024846,180,784.6774464,1456.934368,1202.076187,1025.915045,5072.025047,470.4994868
7.059299894,950,448.9717179,3581.024345,4025.558317,3414.670383,9460.360182,2328.337732
10.49444941,320,1371.16041,3000.315418,571.1883425,2934.357952,4228.435729,1136.175117
9.097934754,600,764.6062297,1396.066738,1779.232848,1659.20764,7399.216518,1043.518142
7.685952787,314,1557.863073,1919.929178,2173.841463,2165.8346,2676.826725,2247.69087
8.887178845,183,1566.402546,4783.563673,3936.337475,3437.970332,9461.131636,1871.45079
10.43269965,190,434.2646481,2104.649357,1803.434301,1667.514348,4465.19731,814.6286314
6.348099034,579,571.3568175,793.8339173,1157.889625,1050.788622,6863.785282,521.3462031
5.657328232,350,1478.516796,2981.838596,2788.567659,1775.268456,4485.282573,1907.493378
9.828019273,250,702.8390641,2427.373872,1648.517057,2158.000998,3757.402246,547.9398289
11.30099165,230,320.2168878,1898.397801,1436.550272,1467.724598,4446.307093,482.1918454
7.689462831,374,1003.837887,3767.860165,4011.857354,2514.005002,8663.902247,956.8344485
8.746845949,800,368.0205914,3696.279987,4139.603259,3485.151843,9550.690512,2355.000577
10.82281621,150,528.5694477,1238.42355,941.5855905,799.5452953,5172.645288,318.1400437
8.330249827,297,1428.825042,2116.204268,2518.968987,2381.684647,8104.843861,1780.788878
8.885399346,350,841.0246635,1627.252865,1994.014856,1887.986634,7516.092562,1201.752775
7.870662279,152,2033.209997,2374.680017,2823.343379,2629.554196,8636.534826,2273.387608
9.493076898,733,702.8502214,1380.878391,1753.921696,1642.302219,7346.21925,996.6130238
8.241995501,209,1380.872015,5151.162104,5592.049366,4714.685629,10873.62926,3325.743172
8.100918634,794,752.66301,1668.982042,1046.274154,1588.033494,4985.799219,945.629223
8.847112164,359,1583.695332,4684.141255,1599.587938,2551.561195,6954.923085,2114.293668
10.6357361,280,172.2749139,907.9095955,570.613925,475.643129,5426.663167,510.1740416
9.042910235,348,1169.075024,2167.610774,2476.972151,1148.914167,7263.151328,952.644842
7.917389329,550,901.8525464,2107.958241,1440.647094,1743.552594,4274.617801,935.0554241
9.762490298,249,1131.318313,1738.446831,1590.804165,1185.973084,5188.963813,911.9012004
6.736514358,483,1434.857247,4680.086871,4421.46625,3551.891446,9691.043169,1988.650651
8.202688222,300,1488.9786,1482.763313,1863.078547,1500.780415,7183.049894,1186.155216
9.477717774,329,1487.460002,3179.236709,426.7726565,3045.476726,4090.845624,1193.87496
7.85588562,450,870.6150306,3007.36541,2625.271516,2603.43642,3499.30656,1646.733927
5.61870493,900,1530.96536,2314.794581,2530.859962,2784.740184,2741.885157,2304.31711
9.13332088,460,334.4365558,3558.655755,3998.240618,3302.070547,9375.470477,2178.789216
5.291222951,850,4446.602985,7395.541532,1340.443185,5303.652283,7046.493469,5040.141795
7.652095378,740,1290.531822,3127.669279,3493.30455,2139.432208,8318.669745,822.3324942
8.785593293,293,1475.623386,1544.174671,1921.652384,1485.069526,7212.702426,1194.775109
9.429339943,170,515.8501586,4248.108423,3018.928856,2521.8358,8285.36748,1138.418112
8.355173369,269,1192.234815,1025.491762,1459.50193,1208.696684,7097.395182,1238.715458
7.402141694,163,1133.140842,3470.958999,3927.67797,3696.979968,9582.950355,2855.279103
9.540685426,229,305.7927355,2393.31812,2508.727975,248.8390422,6298.94111,152.6557711
7.234316743,677,996.6154528,2368.106465,2029.372783,2297.490042,3684.750525,1396.170997
8.447612769,424,1400.713819,2549.245486,3001.593996,2761.464713,8611.563083,2234.115716
8.910563802,293,1126.652925,1411.115483,1403.727262,2038.622809,1401.122865,3435.168435
8.73278969,130,947.6481899,1251.076646,966.327352,1290.894128,5728.582764,719.0831155
8.921844905,419,1434.503381,2113.155549,2517.373309,2378.679266,8110.246785,1783.330096
10.10858444,150,1099.932449,2202.697343,2065.64028,1141.736415,5049.044796,1116.783505
10.65063841,273,344.1236049,1064.980149,755.7317872,625.9191278,5306.273946,391.8457146
7.291521955,189,1406.095486,2096.408363,2498.199754,2361.84931,8082.099991,1758.313728
12.17835135,331,183.2045591,2130.79904,1753.329507,1691.780724,4318.386638,751.6643167
7.736369829,310,1602.870666,2156.63673,2580.874604,2421.194005,8264.92307,1909.878962
7.105939433,220,1701.364096,1665.077579,2122.488892,1901.000651,7891.830722,1774.34764
9.035430591,450,587.2258806,2072.639303,2287.515643,566.9954258,6708.042699,448.7674605
9.19228338,230,331.5087102,2463.30216,2303.013843,3335.84878,2793.425758,2328.440696
9.721658323,693,809.9558209,1075.917432,1469.69769,4162.300983,1396.239202,4606.414757
8.495823743,441,534.3784599,356.1835447,805.9929031,574.9647477,6603.049969,580.4898786
10.76725033,173,894.3016073,1152.634186,1180.840999,883.8126745,5853.581275,514.9593446
10.77373644,420,391.6442017,1815.853388,1364.685288,1384.556285,4529.957892,399.4375103
8.427326125,682,228.9237938,932.4134056,646.4196517,493.1449858,5440.089363,521.6811572
7.665556617,540,1196.663336,4160.2787,4004.533931,2889.454282,9014.74405,1319.4536
8.987339134,350,834.5745634,3541.214755,3874.955901,2230.292896,8381.036368,674.5748911
11.09226245,386,526.3392524,405.9793361,798.0804373,3389.148988,1298.000766,4323.626474
8.245299796,430,1821.742259,1652.20325,2089.464125,1838.301248,7649.147019,1725.423263
10.05578226,220,227.6000384,3899.382043,4322.522842,3337.215859,9493.161107,2013.50341
6.037621132,716,4423.04307,7340.20895,1313.047494,5263.158949,6993.967519,5012.830446
8.284894015,241,1714.005907,4801.931653,4158.322114,3545.934353,9640.745622,1974.076636
9.754117591,580,902.6919911,2150.747884,2418.017479,879.6478131,7020.200784,730.1638381
8.754521342,403,1092.74098,1454.698307,1759.924691,1109.443217,6827.620906,782.006037
5.484653507,400,5297.881232,8162.122256,2249.143683,6257.845869,7667.79467,5918.802948
7.643743964,538,1069.494153,1393.37453,1354.383755,2002.707973,1316.028075,3481.404146
9.362436131,269,629.0499693,1991.019332,2090.300974,3387.272086,2521.991715,1949.056746
9.655134001,181,413.1535994,4169.660319,2970.07062,2412.1989,8164.272148,1067.869185
8.984000663,439,640.8154856,492.7899886,902.7516567,648.4491853,6592.769915,686.7840684
5.923009809,450,1145.687741,2677.998091,3117.36652,2631.305657,8573.405598,1880.408935
7.7742267,200,1833.741413,2807.905586,3143.573117,2844.367575,3510.348588,2532.279621
9.710092986,114,539.8488583,4303.149898,2880.157117,2524.735895,8196.058089,1203.919377
6.495163472,770,2317.458171,6068.250981,2830.2889,4274.428074,9315.322234,2957.043668
6.745020212,333,1130.637317,3000.482173,2731.136702,2185.741264,4003.212542,1750.913375
9.322223248,400,484.324995,611.996963,642.3186697,341.2420361,5952.894171,569.8032773
6.831314919,500,2883.824261,6688.775216,6331.073816,5901.099103,12068.92778,4362.597237
7.03584166,567,1206.839435,2659.643252,3105.506484,2739.078726,8628.504381,2039.752872
9.029113209,240,1558.929766,3257.076208,405.1232279,3043.970207,4059.193279,1251.068294
10.23812815,230,131.4581532,3720.806313,3240.358329,2021.10804,8005.371345,618.4493298
8.130589726,823,787.615471,2538.877722,1959.755643,2179.504534,3750.403741,1244.485599
9.905378399,260,1066.416722,1316.360731,1601.817346,1091.614846,6677.838964,680.1243896
8.246907448,185,1601.418355,4808.206358,3961.456344,3470.635178,9496.094407,1903.446066
8.429180458,300,635.0536958,1875.786837,2013.721431,3381.323937,2399.696477,1879.546624
9.193433325,600,567.0017576,1946.435591,1286.730875,1848.03612,4700.695275,715.4521645
10.57769415,310,714.9870909,2004.115044,1380.022149,1617.852144,4331.011006,748.6440886
9.350760594,485,846.5453107,764.4849041,1058.649049,801.9396444,6452.347335,885.2580479
5.343607789,663,1816.501447,2899.260791,3353.818337,3146.163963,9153.125294,2846.751848
8.033351901,140,1890.29847,2747.627413,3086.431628,2912.834397,3458.768515,2594.917794
11.51742752,167,584.2043192,966.7540665,244.1375426,725.6832943,5431.910563,738.1453518
7.943619211,360,1328.671656,1589.607157,1987.997368,4540.157203,1619.319817,4586.280782
10.17797318,241,1151.16168,3207.333449,3077.6321,1120.326733,5907.357528,1113.788809
9.016545905,260,1156.252745,2727.434447,3139.976075,2302.54258,8370.265946,1404.67448
8.427086602,455,973.5762481,4044.955405,3838.024782,2694.663479,8803.337079,1122.847803
9.901398297,201,272.1463476,3992.150138,2853.782316,2148.570634,7854.566269,953.0362873
8.871260606,186,295.337012,2360.189525,2484.255342,237.1361805,6336.549172,97.06834647
6.876672315,180,1630.885594,1502.131618,1895.466127,1929.228828,1922.3778,2963.603403
7.931802101,220,1774.102742,2263.321325,2697.289851,2525.787812,8424.73837,2062.507954
8.334844675,350,1025.216025,3064.668989,3169.409249,967.7129327,6733.777906,773.087527
8.687332324,659,759.4647411,1653.556841,1031.574199,1572.773456,4997.997642,954.4364987
10.31807089,393,800.8118378,1549.490349,1789.337708,820.7750945,6602.91983,515.3092203
7.297341215,625,2663.137985,6131.191305,930.8464624,4018.735185,7729.628583,3324.48949
5.651187768,410,1542.444483,2183.494025,2595.463971,2449.020379,8216.764665,1880.875663
7.387247934,800,1805.181412,1642.270771,2069.35112,1814.1115,7569.745522,1614.438883
6.280482111,300,2099.366598,2443.501623,2791.037976,3232.195763,3180.719238,2833.499802
9.216491863,250,149.1006163,3939.349365,4373.649435,3530.502428,9658.626218,2268.205197
11.03177582,363,1033.763453,3201.285916,3545.001509,2025.78125,8204.742405,593.226022
7.991847326,800,728.3121445,1733.761149,1108.641515,1652.365185,4935.643209,911.7849096
8.372531992,450,1336.732201,1789.657354,800.8434624,1194.507809,2003.961756,1912.904114
11.18982792,488,444.9773734,1760.224384,1313.016932,1329.035934,4584.157909,343.8118835
6.550472396,410,1678.002877,1086.768687,1793.297196,1537.229578,1875.499149,2872.900018
8.004029352,320,1446.747851,5222.685335,5663.069472,4770.840018,10933.11231,3372.037806
9.909155145,360,700.8049904,1640.606971,1090.292074,1235.125257,4674.372056,347.5306619
9.693610111,220,1189.299452,3256.029653,3018.610044,1156.319376,5934.636161,1137.969829
7.292323892,430,1566.471635,2476.293867,2932.164531,2699.185449,8606.302594,2400.560781
9.232188247,183,378.3643747,3589.074082,4007.731388,3022.591939,9170.250887,1752.627099
8.727056683,101,845.5542329,2587.812508,2324.837601,1909.755922,4281.530574,1366.419324
8.838937856,497,793.9305279,3376.018141,3702.341242,2043.217703,8199.305753,498.292402
10.64863962,240,940.2120672,1402.775545,1312.718508,1046.725391,5491.273245,687.9166978
9.794493099,360,564.3638759,399.0399351,833.5290568,589.933783,6589.784275,610.8771644
11.00468294,133,337.2905746,1513.106445,1693.60926,1711.053388,6704.450648,774.5499065
5.285395634,400,1708.456211,5036.768031,4455.649373,3872.689572,9987.999773,2302.542446
4.314934084,900,5881.68618,8153.777595,2784.380335,6714.45282,7522.322952,6482.874436
6.573824716,577,1511.59339,4604.25289,4040.004073,3317.893061,9412.673925,1746.189223
8.253360797,309,1560.903779,2095.789269,2521.357624,2360.177355,8217.161111,1858.785354
8.518147013,209,1177.614938,4434.288294,3759.059553,3036.361289,9087.291197,1472.856099
10.52029782,200,746.3424634,1936.516657,1308.946383,1553.435447,4401.541227,704.0958467
5.964086877,212,1724.733014,5001.453924,4379.296898,3811.320255,9919.604402,2240.125935
9.882760767,110,1444.845426,3233.687425,314.1552224,2682.961631,3556.453145,1392.62483
8.978433283,334,1144.196306,2159.980835,2465.939358,1124.056478,7239.210573,956.7402851
9.702511898,243,344.9688919,1909.055972,1160.985956,1670.480234,4486.492226,510.7175036
10.89113379,265,494.8428217,854.6471874,792.6516122,506.6989953,5752.862462,777.1855025
11.57397817,136,152.6703121,1243.381918,1412.722354,1433.713031,6556.158218,494.69514
6.76074164,540,1524.270992,1374.484449,1780.748894,1521.421332,7233.518611,1313.571703
11.30134038,306,312.3243651,366.5812692,356.5948218,410.6200234,6116.414292,296.208793
12.49887452,148,452.6415889,2476.753669,2618.472801,394.6706857,6470.346141,178.871486
10.53715258,150,719.0087737,1487.910479,1686.935488,750.2894742,6419.871144,340.763996
10.94041103,170,366.0465216,1086.596987,777.2667475,647.4737659,5287.428561,375.5195964
9.045589762,450,368.4166705,3949.665452,2753.024962,2046.17591,7678.359168,983.2027709
7.52933056,110,2013.250311,2100.282111,2497.587262,3939.758162,2624.317919,3684.733839
8.125953204,405,1476.312402,4464.406831,4113.634365,3223.123468,9340.719677,1652.303841
7.865480078,140,1649.228013,4725.007845,4171.568869,3483.073412,9586.96511,1911.270786
8.770872199,142,1697.395169,2165.914228,2600.698638,2428.20428,8339.017947,1974.83364
8.391163846,188,815.022891,2924.687004,3001.986676,770.2787319,6218.904485,699.2045366
10.82104179,368,560.7914295,726.1335706,1073.931617,977.8556329,6772.508365,440.5130293
9.837007276,237,844.5550282,3658.766649,3899.500752,2338.580735,8480.629705,774.2971034
9.284902026,491,812.6139924,1646.938291,2003.935665,1905.730342,7488.727815,1192.497738
7.077187589,280,1222.000983,4494.937683,4527.747695,3440.492831,9600.470449,1893.877899
9.293554466,442,368.4306499,1833.90718,1085.67598,1603.403818,4563.040943,558.8210147
9.315314549,400,386.1429064,3806.410534,2807.402246,1886.847121,7565.456329,897.3236338
10.40465482,270,620.2001154,1648.376303,1951.788361,1892.91013,7260.801376,1069.669535
9.036126976,447,826.5674426,1246.296136,1653.73391,1511.737454,7371.646965,1007.138823
9.151675937,154,1374.765242,1223.992307,1632.483113,1373.743342,7129.351339,1277.740064
8.844356481,140,966.2672826,918.0548907,1141.883564,857.5253658,6327.654563,690.7710843
6.941710423,1282,1108.871754,1645.595589,1156.074689,1623.079087,5260.351012,1212.029325
12.02334704,140,147.813266,2075.356286,1616.889738,1642.622632,4283.430726,659.2398988
8.141754433,120,1899.569695,1755.369513,2210.303146,1976.038412,7910.19602,1940.059503
9.048259068,100,1274.352099,2539.768001,2976.112965,2489.919478,8419.57331,1805.434162
8.820813418,260,991.9914142,914.0440326,1195.710631,928.3928103,6482.779499,790.1964669
9.052666331,270,1532.523366,3184.917196,198.2196041,2643.22082,3573.272733,1274.171917
11.62683439,450,1167.650761,2929.579232,499.6324754,2842.979159,4079.437959,890.5262653
8.636357499,135,1588.695146,3337.244525,3793.625137,3579.059329,9556.322605,3157.868359
6.894566998,290,1753.277897,1783.163063,2126.585116,2071.379734,2485.619291,2441.90522
8.822537529,520,844.1997381,2390.6525,855.6565474,1896.62563,1305.779903,3180.065396
7.805800678,345,1392.79555,4525.340204,3954.640837,3208.205903,9296.329304,1637.300326
11.87471743,259,938.5697741,3593.925026,1992.528738,3411.534273,3447.419609,3039.491389
9.043587758,250,1170.71495,2092.175024,1588.56917,1933.775671,3620.690089,1050.922934
9.616145356,520,371.2762676,3864.512697,2783.952971,1951.446851,7610.68133,930.155136
9.741925348,148,198.5705411,3836.173786,3226.862024,2151.764304,8112.497718,726.6240516
11.13600082,142,231.93697,2422.749661,1972.754666,1987.164121,3973.939793,1010.217978
8.435886632,230,754.6102023,3533.90081,3849.218135,2176.37364,8318.070057,611.4344124
9.493275431,570,547.6373945,625.1125965,443.5833982,628.4286948,5920.19685,519.4683181
10.14094294,423,1001.524604,3297.064877,3683.519868,2449.510128,8623.492239,1130.355821
5.612719322,151,1293.55268,5091.953389,5528.664136,4587.833273,10755.79658,3176.803039
6.651602024,1104,3656.405356,6343.761295,829.8001636,4205.829217,6190.047356,4115.895418
9.999306393,183,724.605764,3776.669171,3740.963199,2369.695877,8480.504834,798.3482956
7.968134997,350,1005.612857,2814.620358,595.6146127,2718.196531,4073.345913,737.0105648
8.623819333,700,958.6965543,3620.156897,3964.540168,2370.916422,8528.592357,824.5342133
9.119405064,270,343.8582391,4025.600311,4466.052979,3707.990805,9816.809237,2474.138397
9.16176948,200,1205.245256,1759.86782,2174.095881,2025.380911,7851.348092,1491.967332
9.468575873,276,1514.172918,3129.33107,202.2539022,2587.648678,3525.172615,1249.312035
4.660510769,700,5487.399188,8300.938413,2444.791302,6453.989932,7775.639914,6110.764184
6.729025522,600,1427.586034,4394.000489,4107.953869,3156.268342,9278.528909,1586.1816
11.61623429,350,543.0108317,1677.242047,930.7134002,1430.952421,4717.374847,738.528575
9.112338447,300,554.8544666,3865.34015,3533.680928,2350.201761,8412.3561,803.0411253
6.544288513,400,2578.55106,5314.158969,941.2385327,3158.376416,6332.088607,3047.67591
9.421175884,165,1138.084677,3724.071019,4180.878697,3939.624737,9830.755541,3009.611767
6.010102435,122,1233.107124,5038.417686,5473.346581,4510.230488,10680.50392,3093.401133
10.43928612,290,653.3504029,1512.90505,1689.319455,688.6507391,6341.773419,255.1960574
8.900716185,628,1155.63168,2492.788652,2774.805314,1119.313847,7299.630206,621.7020398
9.309113086,180,530.0035825,2639.44682,2265.768277,2200.184077,3912.694826,1267.529709
8.408484936,500,1011.185194,3324.647641,3670.155725,2136.205771,8311.705615,658.3227553
8.599200849,244,1348.41472,4274.841451,4099.74574,3042.846557,9172.691573,1474.547701
10.30711755,363,915.1913381,1532.483544,1329.03612,1118.641953,5137.679036,675.0992828
11.08565518,180,591.2684483,1012.306851,298.6196611,753.9853633,5390.500765,782.2176392
7.606756544,400,2731.207987,6107.499436,694.755132,3976.214894,7506.436559,3375.116474
8.137799103,350,1882.063424,1710.411857,2150.72929,1901.111042,7723.193509,1797.445203
8.279985811,300,869.8594576,2655.309393,2388.130889,1967.845975,4219.373089,1421.03231
8.29246104,674,991.5125799,3010.649584,3337.587083,1760.899324,7939.983461,400.6853853
7.78948925,412,1434.891008,1556.000806,1669.491093,2284.013485,1793.931976,3139.469178
9.779394376,383,607.7838226,2298.246132,1697.902286,1896.917768,4021.863157,961.4687428
8.327659065,265,846.1651383,2794.166758,2570.396739,2601.577037,3399.535539,1624.105846
7.973601623,180,1130.932579,952.3884732,1402.261557,1163.10749,7126.286254,1177.196851
11.78684805,260,1262.439009,2538.675979,752.460875,1978.744584,2913.125556,1312.771183
8.271498051,260,1356.282709,4333.649054,4067.168831,3081.770088,9203.049886,1511.328062
7.831523033,550,960.0413779,2319.377193,2252.097708,2407.207934,3360.418272,1579.369863
7.922259046,214,1422.60748,4370.357104,4119.503493,3139.993273,9265.543746,1570.654634
10.66346011,102,1449.26325,2463.993212,735.8781808,1922.43886,2968.97544,1137.230107
7.060356834,295,1693.998632,3089.015088,2923.184782,1713.448434,4632.874756,1883.32967
10.53486524,300,1100.366244,3212.530761,3563.138856,2085.949019,8266.605826,671.4546383
9.093546783,140,971.8639734,907.5427505,1163.329996,887.7966813,6408.748135,744.6993527
8.900168144,467,947.1886719,766.5920563,1218.817851,984.1086951,6976.717144,993.2531909
5.540674924,350,3362.892395,7162.00392,7134.042747,6550.884172,12731.80731,5044.405336
8.264909151,687,965.8413514,3309.649149,3650.520998,2090.521611,8263.899014,603.3230477
11.84931534,230,330.785106,427.7573385,415.0851744,125.2926545,5969.601541,339.0945575
7.954659179,190,1224.210329,2064.659075,2065.715758,2180.881228,3124.087409,1836.873238
10.17412537,400,1400.387373,2975.312867,645.6645147,2916.100134,4306.116617,1191.356228
4.612717923,730,3540.10434,5320.184839,1644.868177,3560.266055,5275.994482,3523.564277
8.558540324,500,905.1044738,2434.119528,918.4483099,1932.265687,1370.471684,3162.519179
8.230027036,560,559.708037,3279.934203,3704.513109,2852.378439,8958.189983,1722.728323
8.743451355,160,1197.944535,1998.153861,2375.763538,2261.186722,7869.958888,1584.210712
11.71330944,140,715.1438717,1083.661989,1039.656597,754.7718511,5705.251078,710.1924571
6.448413493,509,3906.638957,6998.572235,820.3226321,4839.732359,7093.604391,4508.891498
9.585334137,140,1227.37967,4807.893585,3319.978621,3221.436245,8985.547124,1731.647696
10.04475343,275,1907.270613,3551.118595,697.579818,3312.310972,4185.20238,1660.408684
6.811363762,220,1187.734636,3338.872862,2886.249138,1216.424756,6739.763168,1040.105513
11.94618204,190,261.6407065,1947.687298,1199.761332,1723.571492,4452.884849,438.437292
7.25452177,522,1638.567246,5406.273084,2476.277683,3553.252302,8669.151834,2308.996055
7.942393356,260,1412.77042,4436.848362,4056.395826,3171.93988,9283.642191,1600.349564
9.699370732,187,634.0794749,502.96316,887.7292625,628.9026409,6535.514287,678.9586038
10.35003188,420,167.5669245,895.2650505,580.9532297,458.339637,5451.532536,531.1866365
11.87697261,350,560.3600723,1117.702803,470.2596043,792.5370509,5246.032918,612.3954306
9.933034862,464,369.9832075,3775.265553,4218.975171,3558.634575,9629.222152,2411.396792
7.019640581,198,1251.729262,3372.565965,2840.395328,1237.152829,6669.99097,1072.050769
10.54456495,377,477.577461,3292.863666,3461.635517,1621.449573,7690.664101,240.2080936
6.669604324,637,1740.410368,2489.595521,2946.975583,2725.495482,8692.171074,2535.123869
7.937648404,180,1264.581995,2805.720025,2595.488251,1752.725013,4449.673335,1708.550143
8.286576544,138,1830.320527,1711.347665,2167.468598,1936.538036,7889.3707,1877.264815
10.45565311,450,283.5233018,994.2311355,699.9913935,554.9551341,5380.835506,464.9572621
11.4953422,200,491.6136826,1869.597539,1126.721444,1602.446172,4528.218175,637.0921682
8.695020588,284,886.0864159,1187.270862,939.7224142,1236.632884,5791.573668,644.5920515
11.09426542,150,990.984561,1000.8711,1163.74134,866.9748422,6189.048118,567.3681871
9.497743349,219,279.8290885,3977.012262,4416.205669,3643.946645,9755.161991,2410.154597
10.42318987,144,504.4989551,1819.555696,1293.255107,1402.897235,4497.326887,444.2586783
11.25895735,450,674.6833598,584.145993,945.8451966,838.1341082,6704.522085,445.8378522
7.73743909,450,436.3903915,4162.767129,4602.727583,3816.997831,9937.165169,2551.975573
10.3000874,290,1362.668895,2474.484314,759.8109735,1923.44878,2921.339124,1223.020647
11.48517028,136,272.3065303,2320.666208,2448.621409,214.6765039,6346.050193,61.92729184
8.646567984,159,693.111279,3122.281136,3551.413954,2794.128496,8864.879922,1757.682871
5.983356028,550,1474.263756,2159.481203,2563.579891,2425.00676,8150.384973,1827.081556
8.542944093,560,276.8787134,3879.295009,4319.942223,3587.263196,9684.13182,2387.417957
9.261837321,250,554.7550163,2064.463542,2067.430145,3333.090815,2555.708915,2022.461619
10.45947958,295,576.9438515,455.4815317,826.9922426,567.2994842,6475.921878,621.2099159
7.157934054,347,1775.255338,1728.202058,2185.526652,1961.233386,7940.425148,1848.379728
5.791735119,270,1286.986876,5082.638735,5506.400767,4390.876061,10572.1928,2916.008806
7.881893728,444,915.0672697,2766.364427,2733.286784,913.9985518,5507.80912,1035.757393
8.168813417,250,1310.760614,1437.592579,1545.302094,2312.390108,1673.737767,3263.223031
9.329955678,244,1002.043629,933.8478633,1196.258197,921.9683485,6436.641363,739.5943783
9.932288343,170,616.542248,2002.908624,2008.71247,3316.357827,2495.10901,1989.031433
